City_ID,City,Country,Date,Lat,Lng,Max Temp,Humidity,Cloudiness,Wind Speed
0,Busselton,AU,2022-04-28 18:53:40,-33.65,115.3333,57.33,74,51,6.51
1,Shishou,CN,2022-04-28 18:53:40,29.7226,112.419,49.03,91,40,10.09
2,Ingham,US,2022-04-28 18:53:40,42.6,-84.3833,51.78,33,0,10.36
3,Leningradskiy,RU,2022-04-28 18:53:41,69.3833,178.4167,15.55,94,100,4.18
4,Te Anau,NZ,2022-04-28 18:50:09,-45.4167,167.7167,44.26,94,46,0.81
5,Ushuaia,AR,2022-04-28 18:52:34,-54.8,-68.3,46.02,70,40,35.68
6,Boysun,UZ,2022-04-28 18:53:41,38.2061,67.1986,70.81,42,100,3.56
7,Sal Rei,CV,2022-04-28 18:53:41,16.1833,-22.9167,75.4,60,20,18.41
8,Hobart,AU,2022-04-28 18:53:42,-42.8794,147.3294,59.05,91,4,9.22
9,Pevek,RU,2022-04-28 18:53:42,69.7008,170.3133,18.39,98,100,1.48
10,Hermanus,ZA,2022-04-28 18:53:42,-34.4187,19.2345,60.8,83,100,8.46
11,Coos Bay,US,2022-04-28 18:53:43,43.3665,-124.2179,54.23,82,100,8.05
12,West Covina,US,2022-04-28 18:53:43,34.0686,-117.939,68.5,59,75,0.0
13,Tasiilaq,GL,2022-04-28 18:53:43,65.6145,-37.6368,39.36,83,7,6.85
14,Vao,NC,2022-04-28 18:53:43,-22.6667,167.4833,73.08,76,100,29.33
15,Butaritari,KI,2022-04-28 18:53:44,3.0707,172.7902,80.96,81,99,17.0
16,Sitka,US,2022-04-28 18:53:44,57.0531,-135.33,46.56,69,92,4.32
17,Arvika,SE,2022-04-28 18:53:44,59.6553,12.5852,47.01,43,100,4.83
18,Mar Del Plata,AR,2022-04-28 18:53:45,-38.0023,-57.5575,55.42,75,75,17.27
19,Nara,JP,2022-04-28 18:53:45,34.6851,135.8049,64.49,64,100,4.21
20,Bengkulu,ID,2022-04-28 18:49:20,-3.8004,102.2655,77.32,88,100,4.0
21,Acapulco,MX,2022-04-28 18:53:15,16.8634,-99.8901,88.68,51,0,11.18
22,Saint-Philippe,RE,2022-04-28 18:53:45,-21.3585,55.7679,75.22,81,23,6.96
23,Mataura,NZ,2022-04-28 18:53:46,-46.1927,168.8643,40.68,99,16,1.59
24,Faya,SA,2022-04-28 18:53:46,18.3851,42.4509,64.51,41,0,2.57
25,Kruisfontein,ZA,2022-04-28 18:53:46,-34.0033,24.7314,59.02,67,34,4.34
26,Mitsamiouli,KM,2022-04-28 18:53:47,-11.3847,43.2844,81.57,78,100,16.73
27,Ancud,CL,2022-04-28 18:53:47,-41.8697,-73.8203,49.46,67,100,1.77
28,Osypenko,UA,2022-04-28 18:53:47,46.9136,36.8253,59.99,62,66,6.76
29,Cape Town,ZA,2022-04-28 18:50:02,-33.9258,18.4232,60.91,86,0,9.22
30,Salalah,OM,2022-04-28 18:53:47,17.0151,54.0924,82.65,79,26,3.8
31,Tucumcari,US,2022-04-28 18:53:48,35.1717,-103.725,82.94,6,0,20.49
32,Punta Arenas,CL,2022-04-28 18:53:29,-53.15,-70.9167,46.42,76,75,24.16
33,Letlhakane,BW,2022-04-28 18:53:48,-21.4167,25.5833,65.55,43,0,8.25
34,Rivers,CA,2022-04-28 18:53:48,50.0308,-100.2403,38.35,69,100,6.67
35,Bredasdorp,ZA,2022-04-28 18:53:49,-34.5322,20.0403,57.69,94,6,2.71
36,Massaguet,TD,2022-04-28 18:53:49,12.4755,15.4365,92.19,33,14,4.74
37,Hilo,US,2022-04-28 18:53:49,19.7297,-155.09,82.27,84,15,7.0
38,Hofn,IS,2022-04-28 18:53:49,64.2539,-15.2082,46.04,78,13,9.17
39,Chokurdakh,RU,2022-04-28 18:53:50,70.6333,147.9167,-10.34,100,100,4.05
40,Kapaa,US,2022-04-28 18:53:50,22.0752,-159.319,77.11,81,39,4.0
41,Sompeta,IN,2022-04-28 18:53:50,18.9333,84.6,82.09,75,21,12.06
42,Rikitea,PF,2022-04-28 18:53:51,-23.1203,-134.9692,76.19,74,31,22.79
43,Jamestown,US,2022-04-28 18:52:35,42.097,-79.2353,43.02,36,0,11.5
44,Kodiak,US,2022-04-28 18:50:18,57.79,-152.4072,42.31,70,100,10.36
45,Caravelas,BR,2022-04-28 18:54:51,-17.7125,-39.2481,81.43,64,0,7.18
46,Mecca,SA,2022-04-28 18:54:51,21.4267,39.8261,85.26,41,0,6.17
47,Malatya,TR,2022-04-28 18:54:52,38.5,38.0,64.45,34,75,5.75
48,Barrow,US,2022-04-28 18:49:57,71.2906,-156.7887,6.82,78,100,17.27
49,Cairns,AU,2022-04-28 18:54:52,-16.9167,145.7667,75.15,92,40,11.5
50,Abha,SA,2022-04-28 18:54:53,18.2164,42.5053,64.22,63,0,11.5
51,Avera,US,2022-04-28 18:53:40,33.194,-82.5271,78.55,29,4,6.98
52,Qaanaaq,GL,2022-04-28 18:54:53,77.484,-69.3632,29.82,84,100,5.21
53,Bluff,NZ,2022-04-28 18:54:53,-46.6,168.3333,47.26,88,55,6.08
54,Albany,US,2022-04-28 18:50:38,42.6001,-73.9662,53.17,23,6,5.01
55,Tselinnoye,RU,2022-04-28 18:54:54,53.0833,85.6667,50.7,53,92,8.16
56,Mirabad,AF,2022-04-28 18:54:54,30.4362,61.8383,89.83,18,41,2.04
57,Dingle,PH,2022-04-28 18:54:54,10.9995,122.6711,76.68,91,100,6.91
58,Karasburg,NA,2022-04-28 18:54:54,-28.0167,18.75,69.48,25,0,10.6
59,Nome,US,2022-04-28 18:54:55,64.5011,-165.4064,37.17,86,100,13.06
60,General Roca,AR,2022-04-28 18:53:25,-39.0333,-67.5833,61.63,21,14,12.88
61,Victoria,HK,2022-04-28 18:51:05,22.2855,114.1577,82.18,88,9,10.0
62,Sao Joao Da Barra,BR,2022-04-28 18:54:55,-21.6403,-41.0511,86.09,77,8,13.27
63,Souillac,MU,2022-04-28 18:54:55,-20.5167,57.5167,73.78,94,20,4.61
64,Vaini,TO,2022-04-28 18:54:56,-21.2,-175.2,77.16,73,20,10.36
65,Khash,IR,2022-04-28 18:54:56,28.2211,61.2158,72.52,35,25,3.8
66,Lorengau,PG,2022-04-28 18:54:56,-2.0226,147.2712,80.56,75,100,0.47
67,Flinders,AU,2022-04-28 18:54:57,-34.5833,150.8552,63.68,92,1,5.99
68,Port Alfred,ZA,2022-04-28 18:54:13,-33.5906,26.891,66.11,61,2,9.53
69,Gambo,CF,2022-04-28 18:54:57,4.6482,22.2633,73.27,85,50,2.42
70,Zhigansk,RU,2022-04-28 18:54:57,66.7697,123.3711,7.39,98,42,7.16
71,Kavieng,PG,2022-04-28 18:54:57,-2.5744,150.7967,82.31,75,100,7.87
72,Saskylakh,RU,2022-04-28 18:54:58,71.9167,114.0833,24.3,94,100,8.43
73,Hambantota,LK,2022-04-28 18:54:58,6.1241,81.1185,77.34,100,40,5.75
74,Chuy,UY,2022-04-28 18:54:58,-33.6971,-53.4616,66.0,54,0,9.91
75,Santa Maria,BR,2022-04-28 18:54:59,-29.6842,-53.8069,63.7,94,75,3.44
76,San Pedro De Macoris,DO,2022-04-28 18:54:59,18.4616,-69.2972,86.61,43,93,8.12
77,Atuona,PF,2022-04-28 18:54:59,-9.8,-139.0333,78.64,78,68,21.16
78,Erdenet,MN,2022-04-28 18:55:00,49.0333,104.0833,29.41,40,98,0.6
79,Puerto Ayora,EC,2022-04-28 18:55:00,-0.7393,-90.3518,80.56,75,18,9.91
80,Luderitz,NA,2022-04-28 18:55:00,-26.6481,15.1594,61.68,68,0,7.65
81,New Norfolk,AU,2022-04-28 18:55:01,-42.7826,147.0587,58.71,86,1,2.59
82,Veraval,IN,2022-04-28 18:55:01,20.9,70.3667,83.17,75,0,12.93
83,Bethel,US,2022-04-28 18:55:01,41.3712,-73.414,55.49,32,3,10.0
84,Pauini,BR,2022-04-28 18:55:01,-7.7136,-66.9764,90.97,51,57,3.0
85,East London,ZA,2022-04-28 18:55:05,-33.0153,27.9116,68.94,52,0,6.91
86,Cabo San Lucas,MX,2022-04-28 18:55:05,22.8909,-109.9124,88.61,47,2,10.0
87,Ixtapa,MX,2022-04-28 18:55:05,20.7,-105.2,94.48,29,1,8.93
88,Ponta Do Sol,PT,2022-04-28 18:56:06,32.6667,-17.1,66.7,79,83,4.03
89,Castro,BR,2022-04-28 18:56:06,-24.7911,-50.0119,69.91,81,98,5.48
90,Torbay,CA,2022-04-28 18:54:10,47.6666,-52.7314,48.27,85,75,9.22
91,Los Llanos De Aridane,ES,2022-04-28 18:56:07,28.6585,-17.9182,64.15,88,75,10.36
92,Lebu,CL,2022-04-28 18:56:07,-37.6167,-73.65,54.86,64,8,13.15
93,Jieshi,CN,2022-04-28 18:56:07,22.8134,115.8257,76.6,93,30,2.42
94,Rojhan,PK,2022-04-28 18:56:07,28.6868,69.9534,92.25,11,1,5.99
95,Cidreira,BR,2022-04-28 18:56:08,-30.1811,-50.2056,66.11,93,100,9.71
96,Nikolskoye,RU,2022-04-28 18:56:08,59.7035,30.7861,37.8,62,100,3.67
97,Faanui,PF,2022-04-28 18:56:08,-16.4833,-151.75,81.72,70,3,23.91
98,Goya,AR,2022-04-28 18:56:09,-29.14,-59.2626,71.37,63,47,11.1
99,Gat,IL,2022-04-28 18:56:09,31.61,34.7642,71.4,63,0,3.76
100,Anzio,IT,2022-04-28 18:56:09,41.4853,12.6179,66.51,64,5,2.28
101,Yellowknife,CA,2022-04-28 18:56:09,62.456,-114.3525,37.92,52,75,18.41
102,Palkonda,IN,2022-04-28 18:56:10,18.6,83.75,80.82,80,42,1.66
103,Meulaboh,ID,2022-04-28 18:55:51,4.1363,96.1285,77.68,90,26,4.16
104,Methoni,GR,2022-04-28 18:56:10,36.8197,21.7049,71.22,66,58,6.46
105,Vestmannaeyjar,IS,2022-04-28 18:56:10,63.4427,-20.2734,49.19,87,20,9.22
106,Nyahururu,KE,2022-04-28 18:56:11,0.0421,36.3673,54.43,90,88,0.96
107,Xam Nua,LA,2022-04-28 18:56:12,20.4197,104.0439,69.98,91,33,2.44
108,Suffolk,US,2022-04-28 18:56:12,40.8668,-72.7996,57.42,27,23,23.78
109,Sobolevo,RU,2022-04-28 18:56:13,54.4299,31.8996,36.63,60,6,4.61
110,Tiksi,RU,2022-04-28 18:56:13,71.6872,128.8694,-2.65,99,33,5.91
111,Andenes,NO,2022-04-28 18:56:13,69.3143,16.1194,30.18,64,40,20.71
112,Vanimo,PG,2022-04-28 18:56:13,-2.6741,141.3028,77.31,88,100,2.84
113,Norman Wells,CA,2022-04-28 18:56:14,65.282,-126.8329,32.04,69,100,3.44
114,Upernavik,GL,2022-04-28 18:56:14,72.7868,-56.1549,20.64,84,25,4.16
115,Lampang,TH,2022-04-28 18:51:38,18.3333,99.5,84.85,60,68,2.68
116,Kharan,PK,2022-04-28 18:56:14,28.5833,65.4167,88.03,17,62,7.45
117,Victor Harbor,AU,2022-04-28 18:56:15,-35.5667,138.6167,63.68,81,100,8.66
118,Avarua,CK,2022-04-28 18:56:15,-21.2078,-159.775,80.65,83,40,9.22
119,Marawi,PH,2022-04-28 18:56:15,7.9986,124.2928,69.89,91,100,2.24
120,Turka,UA,2022-04-28 18:56:16,49.1541,23.0297,43.14,90,47,3.42
121,Port Hedland,AU,2022-04-28 18:56:16,-20.3167,118.5667,71.65,94,100,10.36
122,Seydi,TM,2022-04-28 18:56:16,39.4816,62.9137,78.4,24,10,15.35
123,Berlevag,NO,2022-04-28 18:56:16,70.8578,29.0864,22.95,80,75,31.07
124,Bad Hall,AT,2022-04-28 18:56:17,48.0383,14.2077,56.32,69,11,2.68
125,Kahului,US,2022-04-28 18:56:17,20.8947,-156.47,78.96,79,34,14.0
126,Valparaiso,CL,2022-04-28 18:52:17,-33.0393,-71.6273,70.03,59,0,11.5
127,Yulara,AU,2022-04-28 18:56:17,-25.2406,130.9889,75.04,35,100,6.91
128,Merrill,US,2022-04-28 18:54:01,45.1805,-89.6835,50.77,42,100,10.36
129,Tuktoyaktuk,CA,2022-04-28 18:56:18,69.4541,-133.0374,6.8,85,100,12.66
130,Santa Cruz,BO,2022-04-28 18:52:18,-17.8,-63.1667,86.05,70,75,14.97
131,Nemuro,JP,2022-04-28 18:56:18,43.3236,145.575,38.75,72,100,15.26
132,Saint George,US,2022-04-28 18:56:18,37.1041,-113.5841,83.62,14,97,5.99
133,Svetlyy,RU,2022-04-28 18:57:19,54.675,20.1347,41.05,63,14,2.91
134,San Patricio,US,2022-04-28 18:57:19,28.017,-97.5169,86.72,52,26,19.04
135,Mahebourg,MU,2022-04-28 18:55:09,-20.4081,57.7,74.25,94,20,4.61
136,Tyukhtet,RU,2022-04-28 18:57:19,56.5389,89.3011,52.12,60,100,11.14
137,Newport,GB,2022-04-28 18:53:26,51.5877,-2.9984,54.45,67,100,9.35
138,Hasaki,JP,2022-04-28 18:57:20,35.7333,140.8333,52.29,73,100,10.6
139,Khandyga,RU,2022-04-28 18:57:20,62.6667,135.6,6.06,97,100,1.54
140,Pierre,US,2022-04-28 18:54:01,44.3683,-100.351,62.06,48,20,14.0
141,Kaitangata,NZ,2022-04-28 18:57:21,-46.2817,169.8464,43.65,95,13,3.49
142,Lavrentiya,RU,2022-04-28 18:57:22,65.5833,-171.0,29.16,87,99,11.52
143,Iqaluit,CA,2022-04-28 18:57:22,63.7506,-68.5145,20.93,67,75,18.41
144,Yanam,IN,2022-04-28 18:57:22,16.7333,82.2167,78.49,87,9,3.49
145,Charters Towers,AU,2022-04-28 18:57:22,-20.1,146.2667,66.97,89,29,6.76
146,Socorro,US,2022-04-28 18:57:23,31.6546,-106.3033,82.38,13,0,17.22
147,Mana,GF,2022-04-28 18:57:23,5.6592,-53.7767,82.4,76,46,11.03
148,Portland,US,2022-04-28 18:54:43,45.5234,-122.6762,54.55,73,100,3.0
149,Tual,ID,2022-04-28 18:57:23,-5.6667,132.75,84.45,71,100,13.15
150,Wajima,JP,2022-04-28 18:57:24,37.4,136.9,52.45,71,100,17.11
151,San Cristobal,VE,2022-04-28 18:57:24,7.7669,-72.225,73.58,57,100,3.85
152,Rosetta,EG,2022-04-28 18:57:24,31.4044,30.4164,64.98,74,0,9.51
153,Broome,US,2022-04-28 18:57:24,42.2506,-75.833,49.62,27,0,14.0
154,Road Town,VG,2022-04-28 18:54:35,18.4167,-64.6167,78.84,57,40,8.05
155,Gunjur,GM,2022-04-28 18:57:25,13.2019,-16.7339,87.87,40,0,11.5
156,Trincomalee,LK,2022-04-28 18:57:25,8.5711,81.2335,83.07,77,100,4.18
157,Matongo,TZ,2022-04-28 18:57:25,-2.3833,34.0833,64.9,91,100,4.29
158,Nakusp,CA,2022-04-28 18:57:26,50.2499,-117.8023,50.47,49,100,2.3
159,Castelo Do Piaui,BR,2022-04-28 18:57:26,-5.3222,-41.5525,79.43,80,100,3.76
160,Severo-Yeniseyskiy,RU,2022-04-28 18:57:26,60.3725,93.0408,42.76,92,99,9.15
161,Sawtell,AU,2022-04-28 18:57:27,-30.3833,153.1,67.19,94,75,5.75
162,Hay River,CA,2022-04-28 18:57:27,60.8156,-115.7999,33.76,75,20,5.75
163,Beringovskiy,RU,2022-04-28 18:57:27,63.05,179.3167,19.06,97,85,7.25
164,Badarwas,IN,2022-04-28 18:57:27,24.9667,77.5667,92.41,14,13,7.0
165,Jibuti,DJ,2022-04-28 18:57:28,11.5,42.5,77.61,76,42,13.51
166,Grindavik,IS,2022-04-28 18:57:28,63.8424,-22.4338,50.47,71,40,13.8
167,Russell,US,2022-04-28 18:53:27,32.3502,-85.1999,81.91,26,20,10.36
168,Thompson,CA,2022-04-28 18:57:28,55.7435,-97.8558,44.76,45,75,12.66
169,Yeppoon,AU,2022-04-28 18:57:29,-23.1333,150.7333,67.78,88,21,12.06
170,Salamiyah,SY,2022-04-28 18:57:29,35.0113,37.0532,70.61,42,65,8.95
171,Pochutla,MX,2022-04-28 18:57:29,15.7432,-96.4661,91.81,48,19,10.78
172,Padang,ID,2022-04-28 18:57:30,-0.9492,100.3543,77.9,87,100,2.62
173,Dunedin,NZ,2022-04-28 18:56:57,-45.8742,170.5036,51.8,86,1,1.99
174,La Ronge,CA,2022-04-28 18:54:11,55.1001,-105.2842,46.62,61,75,5.75
175,Leninskoye,KZ,2022-04-28 18:57:30,41.7589,69.3864,64.94,43,100,4.52
176,Takoradi,GH,2022-04-28 18:54:37,4.8845,-1.7554,78.58,82,100,2.13
177,Rawson,AR,2022-04-28 18:57:30,-43.3002,-65.1023,51.37,33,47,16.04
178,Mpika,ZM,2022-04-28 18:57:31,-11.8343,31.4529,56.93,96,47,5.64
179,Yarmouth,US,2022-04-28 18:57:26,41.7057,-70.2286,53.26,56,90,21.99
180,Kon Tum,VN,2022-04-28 18:58:31,14.35,108.0,71.53,85,100,1.14
181,Talnakh,RU,2022-04-28 18:58:31,69.4865,88.3972,11.21,95,100,3.78
182,Ibra,OM,2022-04-28 18:58:32,22.6906,58.5334,83.23,38,19,5.41
183,Klaksvik,FO,2022-04-28 18:58:32,62.2266,-6.589,45.52,78,13,5.23
184,Jumla,NP,2022-04-28 18:58:32,29.2747,82.1838,51.93,50,6,4.03
185,Champerico,GT,2022-04-28 18:54:32,14.3,-91.9167,93.74,61,12,9.42
186,Kayes,ML,2022-04-28 18:58:33,14.0,-11.0,100.63,12,63,7.07
187,Great Bend,US,2022-04-28 18:58:33,38.3645,-98.7648,82.85,48,64,17.34
188,Muisne,EC,2022-04-28 18:55:54,0.6,-80.0333,78.98,82,100,11.97
189,Oranjestad,AW,2022-04-28 18:55:47,12.524,-70.027,80.55,78,40,16.11
190,Gimli,CA,2022-04-28 18:58:33,50.6336,-96.9907,35.62,69,100,8.05
191,Gawler,AU,2022-04-28 18:58:34,-34.6,138.7333,67.51,79,100,3.06
192,San Carlos De Bariloche,AR,2022-04-28 18:58:34,-41.1456,-71.3082,38.95,56,40,8.05
193,Narsaq,GL,2022-04-28 18:58:34,60.9167,-46.05,46.35,63,100,2.84
194,Taoudenni,ML,2022-04-28 18:58:34,22.6783,-3.9836,92.17,8,0,5.37
195,Tabas,IR,2022-04-28 18:58:35,33.5959,56.9244,82.85,21,48,7.43
196,Jaque,PA,2022-04-28 18:58:35,7.5175,-78.1703,81.46,82,96,2.93
197,Alice Springs,AU,2022-04-28 18:58:35,-23.7,133.8833,69.22,32,70,0.0
198,Baijiantan,CN,2022-04-28 18:58:36,45.6333,85.1833,59.36,26,0,4.85
199,Svetlogorsk,BY,2022-04-28 18:58:36,52.6333,29.7333,43.11,65,79,4.29
200,Punta Cardon,VE,2022-04-28 18:58:36,11.6581,-70.215,82.51,70,64,21.74
201,Vila Velha,BR,2022-04-28 18:54:33,-20.3297,-40.2925,85.95,73,20,12.66
202,Khatanga,RU,2022-04-28 18:58:36,71.9667,102.5,9.34,95,94,7.11
203,Constitucion,CL,2022-04-28 18:58:37,-35.3333,-72.4167,59.43,53,0,15.41
204,Dong Hoi,VN,2022-04-28 18:58:37,17.4833,106.6,76.14,95,53,1.77
205,Ouallam,NE,2022-04-28 18:58:37,14.3188,2.0866,94.15,11,100,9.69
206,Lusambo,CD,2022-04-28 18:58:38,-4.9667,23.45,71.29,96,44,2.66
207,Tromso,NO,2022-04-28 18:58:38,69.6496,18.957,26.62,86,75,12.66
208,Airai,TL,2022-04-28 18:58:38,-8.9266,125.4092,57.85,90,87,2.13
209,Hami,CN,2022-04-28 18:55:58,42.8,93.45,58.42,15,100,15.12
210,Naze,JP,2022-04-28 18:58:39,28.3667,129.4833,72.52,92,47,14.27
211,Esperance,AU,2022-04-28 18:58:39,-33.8667,121.9,53.44,75,59,12.77
212,Kasongo-Lunda,CD,2022-04-28 18:58:39,-6.4667,16.8167,70.68,96,26,0.83
213,Fort-Shevchenko,KZ,2022-04-28 18:58:40,44.5086,50.263,65.61,59,16,10.27
214,Nesterovskaya,RU,2022-04-28 18:58:40,43.2386,45.0503,63.79,87,100,5.39
215,Uberaba,BR,2022-04-28 18:58:40,-19.7483,-47.9319,86.58,30,40,9.22
216,Carnarvon,AU,2022-04-28 18:58:40,-24.8667,113.6333,62.67,72,0,11.5
217,Hithadhoo,MV,2022-04-28 18:58:41,-0.6,73.0833,85.19,69,100,6.78
218,Inverell,AU,2022-04-28 18:58:41,-29.7833,151.1167,58.15,95,2,1.01
219,Pisco,PE,2022-04-28 18:58:41,-13.7,-76.2167,71.65,68,0,8.05
220,Sao Filipe,CV,2022-04-28 18:58:41,14.8961,-24.4956,72.95,70,0,11.72
221,Isangel,VU,2022-04-28 18:58:42,-19.55,169.2667,78.01,73,100,20.6
222,Xiaoyi,CN,2022-04-28 18:58:42,34.6178,109.703,52.39,82,9,4.43
223,San Pedro,PH,2022-04-28 18:58:42,14.35,121.0167,83.43,77,20,3.44
224,Sayyan,YE,2022-04-28 18:54:48,15.1718,44.3244,60.98,60,27,3.76
225,Port Blair,IN,2022-04-28 18:58:43,11.6667,92.75,80.64,94,40,0.0
226,Touros,BR,2022-04-28 18:54:05,-5.1989,-35.4608,83.28,72,100,14.99
227,Dalvik,IS,2022-04-28 18:57:16,65.9702,-18.5286,49.93,61,77,4.36
228,Port Lincoln,AU,2022-04-28 18:59:43,-34.7333,135.8667,62.26,88,100,9.51
229,Shunyi,CN,2022-04-28 18:59:44,40.125,116.6453,49.95,81,40,2.24
230,Ucluelet,CA,2022-04-28 18:59:44,48.9329,-125.5528,51.1,79,100,1.01
231,Paraiso,CR,2022-04-28 18:59:44,9.8383,-83.8656,76.06,88,100,3.67
232,Fortuna,US,2022-04-28 18:59:44,40.5982,-124.1573,58.93,70,75,4.61
233,Alta Floresta,BR,2022-04-28 18:59:45,-9.8756,-56.0861,94.82,46,40,5.75
234,Lata,PT,2022-04-28 18:59:45,40.1629,-8.3327,61.81,67,46,4.61
235,Port Elizabeth,ZA,2022-04-28 18:59:45,-33.918,25.5701,60.31,84,0,3.44
236,Georgetown,MY,2022-04-28 18:59:46,5.4112,100.3354,82.35,83,40,3.44
237,Dwarka,IN,2022-04-28 18:59:46,22.2394,68.9678,83.8,74,0,11.72
238,Morondava,MG,2022-04-28 18:59:46,-20.2833,44.2833,77.07,58,0,8.79
239,Codrington,AU,2022-04-28 18:59:46,-38.2667,141.9667,66.33,65,48,16.2
240,Rodrigues Alves,BR,2022-04-28 18:59:47,-7.738,-72.6509,89.8,69,100,2.84
241,Pemangkat,ID,2022-04-28 18:59:47,1.1667,108.9667,78.64,88,99,4.25
242,Shimoda,JP,2022-04-28 18:59:47,34.6667,138.95,57.11,83,93,13.51
243,Sibolga,ID,2022-04-28 18:59:48,1.7427,98.7792,77.14,89,100,2.75
244,Sungairaya,ID,2022-04-28 18:59:48,0.7,108.9,78.62,89,82,3.8
245,Mayo,US,2022-04-28 18:59:48,38.8876,-76.5119,59.34,35,0,13.8
246,Havoysund,NO,2022-04-28 18:59:49,70.9963,24.6622,25.74,62,100,21.47
247,Jambi,ID,2022-04-28 18:59:49,-1.6,103.6167,75.72,97,100,2.82
248,Rocha,UY,2022-04-28 18:59:49,-34.4833,-54.3333,63.3,54,0,10.89
249,Mustasaari,FI,2022-04-28 18:59:49,63.1142,21.6822,35.55,69,0,4.61
250,Ribeira Grande,PT,2022-04-28 18:59:50,38.5167,-28.7,63.0,94,40,16.11
251,Saint-Joseph,RE,2022-04-28 18:59:50,-21.3667,55.6167,74.21,80,15,3.8
252,Clyde River,CA,2022-04-28 18:59:50,70.4692,-68.5914,10.63,72,75,17.27
253,Dawei,MM,2022-04-28 18:59:51,14.0833,98.2,79.3,89,100,3.2
254,Bilma,NE,2022-04-28 18:59:51,18.6853,12.9164,90.57,9,28,9.26
255,Boende,CD,2022-04-28 18:59:51,-0.2167,20.8667,73.08,95,100,3.02
256,Lindi,TZ,2022-04-28 18:59:51,-10.0,39.7167,73.47,95,100,4.0
257,Bowen,AU,2022-04-28 18:59:52,-20.0167,148.2333,73.89,82,90,13.89
258,Kaili,ID,2022-04-28 18:59:52,-3.4626,120.2147,67.59,94,100,2.8
259,Bambous Virieux,MU,2022-04-28 18:59:52,-20.3428,57.7575,74.21,94,20,4.61
260,Artyom,AZ,2022-04-28 18:59:53,40.4723,50.333,59.14,70,0,5.86
261,College,US,2022-04-28 18:59:53,64.8569,-147.8028,49.08,46,84,1.99
262,Vitim,RU,2022-04-28 18:59:53,59.4511,112.5578,24.51,93,78,4.18
263,Cabra,ES,2022-04-28 18:59:53,37.4725,-4.4421,54.82,83,99,8.55
264,Agadez,NE,2022-04-28 18:59:54,19.75,10.25,86.52,6,0,9.78
265,Zlobin,HR,2022-04-28 18:59:54,45.2924,14.6541,56.5,38,0,12.66
266,Nhulunbuy,AU,2022-04-28 18:55:15,-12.2333,136.7667,77.61,94,100,0.0
267,Opuwo,NA,2022-04-28 18:59:54,-18.0607,13.84,76.68,32,44,6.31
268,Pangnirtung,CA,2022-04-28 18:59:55,66.1451,-65.7125,21.2,68,100,21.85
269,Carndonagh,IE,2022-04-28 18:59:55,55.25,-7.2667,55.02,84,21,3.94
270,Aasiaat,GL,2022-04-28 18:59:55,68.7098,-52.8699,26.29,76,100,3.47
271,Warrnambool,AU,2022-04-28 18:57:31,-38.3833,142.4833,63.81,69,10,14.34
272,Serov,RU,2022-04-28 19:00:56,59.6033,60.5787,32.88,85,64,9.95
273,Jalu,LY,2022-04-28 19:00:56,29.0331,21.5482,91.24,8,100,20.13
274,Yarada,IN,2022-04-28 19:00:56,17.65,83.2667,84.52,79,40,5.75
275,Honiara,SB,2022-04-28 19:00:56,-9.4333,159.95,77.11,87,83,3.04
276,Cap Malheureux,MU,2022-04-28 19:00:57,-19.9842,57.6142,74.46,78,0,3.0
277,Guerrero Negro,MX,2022-04-28 19:00:57,27.9769,-114.0611,66.18,57,1,18.32
278,Trairi,BR,2022-04-28 19:00:57,-3.2778,-39.2689,79.68,88,54,9.53
279,Kununurra,AU,2022-04-28 19:00:58,-15.7667,128.7333,73.38,94,40,0.0
280,Sorland,NO,2022-04-28 18:57:10,67.667,12.6934,31.86,57,100,16.78
281,Bayir,TR,2022-04-28 19:00:58,37.2687,28.2167,59.52,58,99,2.19
282,Ghanzi,BW,2022-04-28 19:00:58,-21.5667,21.7833,68.18,44,0,8.79
283,Albion,US,2022-04-28 19:00:59,42.2431,-84.753,52.02,34,0,8.05
284,Centralia,US,2022-04-28 18:58:31,46.7162,-122.9543,53.94,70,0,4.61
285,Panama City,PA,2022-04-28 18:58:06,8.9936,-79.5197,84.15,80,75,6.91
286,Fortuna Foothills,US,2022-04-28 19:00:59,32.6578,-114.4119,84.69,16,0,5.01
287,Grimstad,NO,2022-04-28 19:00:59,58.3405,8.5934,53.51,57,33,6.49
288,Manzanillo,CU,2022-04-28 19:00:12,20.3433,-77.1167,86.36,34,38,5.88
289,Miri,MY,2022-04-28 19:01:00,4.4148,114.0089,76.08,92,48,4.94
290,Ostrovnoy,RU,2022-04-28 19:01:00,68.0531,39.5131,23.67,84,100,17.2
291,Bima,ID,2022-04-28 19:01:00,-8.4667,118.7167,75.04,90,100,1.83
292,Salinopolis,BR,2022-04-28 19:01:01,-0.6136,-47.3561,82.22,77,92,10.87
293,Tocopilla,CL,2022-04-28 19:01:01,-22.092,-70.1979,68.56,70,100,7.99
294,Manyana,BW,2022-04-28 19:01:01,-23.4,21.7167,69.37,47,87,10.6
295,Aksay,RU,2022-04-28 18:58:48,47.26,39.87,57.42,50,0,7.0
296,Guozhen,CN,2022-04-28 19:01:02,34.3659,107.359,50.38,90,17,2.13
297,Imperial Beach,US,2022-04-28 19:01:02,32.5839,-117.1131,71.44,66,75,10.36
298,Poum,NC,2022-04-28 19:01:03,-20.2333,164.0167,74.8,83,100,11.61
299,Kailua,US,2022-04-28 19:01:03,21.4022,-157.7394,78.49,71,40,6.91
300,Kichera,RU,2022-04-28 19:01:03,55.9375,110.0997,20.48,82,9,6.35
301,Malaya Serdoba,RU,2022-04-28 19:01:03,52.4661,44.9512,43.88,57,6,7.07
302,Vondrozo,MG,2022-04-28 19:01:04,-22.8167,47.2833,61.05,94,94,5.88
303,Chapais,CA,2022-04-28 19:01:04,49.7834,-74.8492,35.24,52,6,12.93
304,Barao De Melgaco,BR,2022-04-28 19:01:04,-16.1944,-55.9675,95.88,24,31,7.9
305,Inhambane,MZ,2022-04-28 19:01:07,-23.865,35.3833,69.44,81,67,6.33
306,Boali,CF,2022-04-28 19:01:07,4.8005,18.1275,79.05,62,65,2.62
307,Benguela,AO,2022-04-28 19:00:34,-12.5763,13.4055,76.41,85,78,3.8
308,Palmer,US,2022-04-28 19:01:07,42.1584,-72.3287,53.24,32,100,8.01
309,Kirakira,SB,2022-04-28 19:01:08,-10.4544,161.9205,79.72,82,100,3.98
310,Birao,CF,2022-04-28 19:01:08,10.2849,22.7882,87.24,43,80,11.5
311,Koumac,NC,2022-04-28 19:01:08,-20.5667,164.2833,71.94,91,100,9.01
312,Byron Bay,AU,2022-04-28 18:58:43,-28.65,153.6167,67.89,87,66,4.27
313,Alofi,NU,2022-04-28 19:01:09,-19.0595,-169.9187,79.66,77,94,24.7
314,Abonnema,NG,2022-04-28 19:01:09,4.7084,6.7931,79.75,84,96,4.99
315,Mogwase,ZA,2022-04-28 19:01:09,-25.185,27.2665,60.73,55,0,6.11
316,Dodge City,US,2022-04-28 19:00:17,37.7528,-100.0171,78.26,63,77,7.0
317,Dargaville,NZ,2022-04-28 19:01:10,-35.9333,173.8833,53.73,92,10,4.72
318,Dikson,RU,2022-04-28 19:02:10,73.5069,80.5464,12.18,90,89,21.61
319,Pinhao,BR,2022-04-28 19:02:10,-25.6956,-51.6597,73.69,68,98,5.95
320,Nago,JP,2022-04-28 19:02:11,26.5881,127.9761,79.23,91,18,11.81
321,Launceston,AU,2022-04-28 19:02:11,-41.45,147.1667,62.15,97,100,8.05
322,Olafsvik,IS,2022-04-28 19:02:11,64.8945,-23.7142,45.46,79,59,8.5
323,Tigil,RU,2022-04-28 19:02:12,57.8,158.6667,29.28,84,18,7.92
324,Maragogi,BR,2022-04-28 19:02:12,-9.0122,-35.2225,79.86,80,100,10.69
325,Solnechnyy,RU,2022-04-28 19:02:12,50.7214,136.6319,23.34,85,35,5.23
326,Hernani,ES,2022-04-28 19:02:12,43.2662,-1.9762,57.92,84,100,2.3
327,Surt,LY,2022-04-28 19:02:13,31.2089,16.5887,64.85,77,0,14.79
328,Tombouctou,ML,2022-04-28 19:02:13,20.0,-3.0,85.77,9,0,7.14
329,Gubkinskiy,RU,2022-04-28 19:02:14,64.434,76.5026,27.43,97,100,14.45
330,Gondal,IN,2022-04-28 19:02:14,21.9667,70.8,86.9,41,0,8.1
331,Lithgow,AU,2022-04-28 19:02:14,-33.4833,150.15,56.7,96,84,5.32
332,Tiarei,PF,2022-04-28 19:02:15,-17.5333,-149.3333,82.42,74,9,23.73
333,Gunnedah,AU,2022-04-28 19:02:15,-30.9833,150.25,65.16,78,100,2.55
334,Aksarayskiy,RU,2022-04-28 19:02:15,46.7924,48.0119,69.17,50,44,13.51
335,Port Hardy,CA,2022-04-28 19:02:15,50.6996,-127.4199,45.81,72,100,4.07
336,Ribeira Brava,PT,2022-04-28 19:02:16,32.65,-17.0667,66.7,81,80,5.06
337,Baykit,RU,2022-04-28 19:02:16,61.67,96.37,38.19,99,100,4.52
338,Richards Bay,ZA,2022-04-28 19:02:16,-28.783,32.0377,66.54,83,0,9.78
339,Provideniya,RU,2022-04-28 19:02:17,64.3833,-173.3,28.45,81,61,15.1
340,Harrogate,GB,2022-04-28 19:02:17,53.9908,-1.5373,47.73,72,75,4.61
341,Yumen,CN,2022-04-28 19:02:18,40.2833,97.2,48.99,22,100,4.7
342,Paramonga,PE,2022-04-28 19:02:18,-10.6667,-77.8333,70.54,80,99,8.43
343,Kiama,AU,2022-04-28 19:02:18,-34.6833,150.8667,64.99,91,1,5.44
344,Gidrotorf,RU,2022-04-28 19:02:18,56.4744,43.5414,33.78,48,5,0.78
345,Emmen,NL,2022-04-28 19:02:19,52.7792,6.9069,48.81,79,29,8.01
346,Yeniseysk,RU,2022-04-28 18:59:54,58.4497,92.1703,44.96,91,100,4.45
347,Greensboro,US,2022-04-28 19:00:05,36.0726,-79.792,73.18,40,5,3.0
348,Kenai,US,2022-04-28 19:02:19,60.5544,-151.2583,49.03,81,100,7.96
349,Albury,AU,2022-04-28 19:02:20,-36.0833,146.9167,61.14,100,100,0.0
350,Lazaro Cardenas,MX,2022-04-28 19:02:20,17.9583,-102.2,86.22,52,4,11.86
351,Karratha,AU,2022-04-28 19:02:20,-20.7377,116.8463,73.06,79,100,10.76
352,Severo-Kurilsk,RU,2022-04-28 19:02:20,50.6789,156.125,32.68,94,100,19.69
353,Lerik,AZ,2022-04-28 19:02:21,38.7726,48.4128,54.23,76,11,4.03
354,Zyryanka,RU,2022-04-28 19:02:21,65.75,150.85,8.6,94,99,11.43
355,Garissa,KE,2022-04-28 19:02:21,-0.4536,39.6401,84.29,60,99,12.77
356,Saint Anthony,US,2022-04-28 19:00:35,45.0205,-93.218,49.21,49,100,14.97
357,Okahandja,NA,2022-04-28 19:02:22,-21.9833,16.9167,70.36,39,91,2.73
358,Brewster,US,2022-04-28 19:02:22,41.3973,-73.6171,56.28,27,4,7.0
359,Chiang Rai,TH,2022-04-28 19:02:18,19.9167,99.9167,86.99,81,79,1.9
360,Moyale,KE,2022-04-28 19:02:23,3.5167,39.0584,65.89,90,66,1.59
361,Galveston,US,2022-04-28 19:02:24,29.3669,-94.9669,85.03,73,40,16.11
362,Qasigiannguit,GL,2022-04-28 19:02:24,68.8193,-51.1922,26.85,90,100,4.38
363,Norfolk,US,2022-04-28 18:58:35,42.1668,-71.2495,53.08,43,100,4.0
364,Oistins,BB,2022-04-28 19:00:38,13.0667,-59.5333,79.95,76,100,16.62
365,Los Alamos,US,2022-04-28 19:03:25,35.8881,-106.307,70.38,11,0,10.36
366,Zelenoborskiy,RU,2022-04-28 19:03:25,66.845,32.3622,25.14,75,96,7.49
367,Verkhnyaya Sinyachikha,RU,2022-04-28 19:03:25,57.976,61.6673,43.29,69,100,13.15
368,Coruripe,BR,2022-04-28 19:03:26,-10.1256,-36.1756,80.37,77,100,11.5
369,Kanniyakumari,IN,2022-04-28 19:03:26,8.0833,77.5667,84.54,78,97,10.92
370,Shirokiy,RU,2022-04-28 19:03:26,49.758,129.523,35.42,61,26,9.55
371,Itanhaem,BR,2022-04-28 19:03:26,-24.1831,-46.7889,87.55,53,68,1.28
372,San Isidro,PE,2022-04-28 18:59:00,-12.1167,-77.05,71.51,72,100,8.05
373,Mangaratiba,BR,2022-04-28 19:03:27,-22.9597,-44.0406,84.96,62,0,1.43
374,Port Augusta,AU,2022-04-28 19:03:27,-32.5,137.7667,67.01,64,99,6.67
375,Manaure,CO,2022-04-28 19:03:27,11.7751,-72.4445,84.04,67,93,15.3
376,Hailar,CN,2022-04-28 19:03:28,49.2,119.7,37.26,70,100,8.25
377,Tokur,RU,2022-04-28 19:03:28,53.1333,132.9,15.03,96,34,1.45
378,Burns Lake,CA,2022-04-28 19:03:28,54.2331,-125.7533,48.61,37,84,3.91
379,Marsa Matruh,EG,2022-04-28 19:03:28,31.3525,27.2453,67.23,65,84,12.95
380,Talara,PE,2022-04-28 19:03:29,-4.5772,-81.2719,70.77,80,96,13.71
381,Voyvozh,RU,2022-04-28 19:03:29,62.892,54.9635,22.05,87,98,3.2
382,Anadyr,RU,2022-04-28 19:03:29,64.75,177.4833,13.41,97,100,4.59
383,Mahon,ES,2022-04-28 19:03:30,39.8885,4.2658,59.56,88,75,16.11
384,Coquimbo,CL,2022-04-28 19:01:29,-29.9533,-71.3436,67.48,59,0,10.98
385,Nalut,LY,2022-04-28 19:03:30,30.3333,10.85,77.61,21,40,19.37
386,Owando,CG,2022-04-28 19:03:30,-0.4819,15.8999,73.08,94,100,1.72
387,Tuatapere,NZ,2022-04-28 19:03:31,-46.1333,167.6833,44.46,94,31,3.69
388,Mailsi,PK,2022-04-28 19:00:35,29.8003,72.1758,93.54,13,5,9.75
389,Rong Kwang,TH,2022-04-28 19:03:31,18.339,100.3174,86.45,64,100,3.4
390,Cherskiy,RU,2022-04-28 18:59:54,68.75,161.3,15.87,96,99,9.04
391,The Valley,AI,2022-04-28 19:03:32,18.217,-63.0578,80.1,63,90,12.84
392,Tautira,PF,2022-04-28 19:03:32,-17.7333,-149.15,80.33,75,12,22.68
393,Okhotsk,RU,2022-04-28 19:03:32,59.3833,143.3,25.93,76,100,16.24
394,Umtata,ZA,2022-04-28 19:03:32,-31.5889,28.7844,55.96,60,0,5.44
395,Beaverlodge,CA,2022-04-28 19:00:34,55.2166,-119.4361,34.95,95,100,18.28
396,Ahuimanu,US,2022-04-28 19:03:33,21.4447,-157.8378,80.37,69,40,6.91
397,Taganak,PH,2022-04-28 19:03:33,6.0833,118.3,80.87,83,85,12.06
398,Kempsey,AU,2022-04-28 19:03:33,-31.0833,152.8333,62.94,95,24,1.01
399,Muros,ES,2022-04-28 19:03:34,42.7762,-9.0603,62.1,71,74,11.16
400,Beroroha,MG,2022-04-28 19:03:34,-21.6667,45.1667,68.76,65,0,4.29
401,Ullal,IN,2022-04-28 19:03:34,12.8,74.85,85.15,79,20,3.44
402,Hamilton,US,2022-04-28 19:00:00,39.1834,-84.5333,63.64,46,84,4.0
403,Camacha,PT,2022-04-28 19:02:47,33.0833,-16.3333,60.22,72,40,13.8
404,Wajir,KE,2022-04-28 19:03:35,1.7471,40.0573,77.76,75,100,4.47
405,Sakakah,SA,2022-04-28 19:03:35,29.9697,40.2064,67.57,45,67,14.81
406,Kurten,DE,2022-04-28 19:03:35,51.05,7.2667,58.35,75,33,6.33
407,Watsa,CD,2022-04-28 19:03:36,3.0372,29.5355,63.39,97,100,2.46
408,Ondjiva,AO,2022-04-28 19:03:36,-17.0667,15.7333,76.73,37,100,6.78
409,Luorong,CN,2022-04-28 19:03:36,24.4058,109.6086,73.31,95,64,3.27
410,Pinos Puente,ES,2022-04-28 19:04:36,37.2511,-3.7497,55.29,79,75,3.0
411,Etawah,IN,2022-04-28 19:04:37,26.7769,79.0239,92.43,10,0,5.77
412,Kiunga,PG,2022-04-28 19:04:37,-6.1219,141.2906,72.21,100,95,1.61
413,Vangaindrano,MG,2022-04-28 19:04:37,-23.35,47.6,67.62,85,79,10.07
414,Tshikapa,CD,2022-04-28 19:04:38,-6.4167,20.8,72.3,91,100,0.6
415,Kuang,MY,2022-04-28 19:04:38,3.2594,101.5541,75.78,94,38,1.63
416,Kibre Mengist,ET,2022-04-28 19:04:38,5.8833,38.9833,58.48,96,87,1.12
417,Arraial Do Cabo,BR,2022-04-28 19:04:38,-22.9661,-42.0278,84.06,65,0,19.57
418,Margate,GB,2022-04-28 19:04:39,51.3813,1.3862,50.31,74,100,5.01
419,Puerto Suarez,BO,2022-04-28 19:04:39,-18.95,-57.8,97.36,34,20,5.75
420,Kuandian,CN,2022-04-28 19:04:39,40.7286,124.7847,40.03,71,100,3.62
421,Fort Nelson,CA,2022-04-28 19:04:40,58.8053,-122.7002,33.89,100,100,9.89
422,Vestmanna,FO,2022-04-28 19:04:40,62.1564,-7.1664,43.72,76,75,1.14
423,San Matias,BO,2022-04-28 19:04:40,-16.3667,-58.4,95.45,30,15,7.47
424,Kavaratti,IN,2022-04-28 19:04:06,10.5669,72.642,84.92,75,100,4.61
425,Imbituba,BR,2022-04-28 19:04:40,-28.24,-48.6703,83.86,66,8,21.56
426,Smiltene,LV,2022-04-28 19:04:41,57.4244,25.9016,38.55,73,94,4.5
427,Floro,NO,2022-04-28 19:04:41,61.5996,5.0328,42.87,70,75,8.05
428,Shimanovsk,RU,2022-04-28 19:04:41,52.0,127.7,34.27,49,12,8.37
429,Shenjiamen,CN,2022-04-28 19:04:42,29.9576,122.298,57.58,96,100,25.72
430,Tornio,FI,2022-04-28 19:04:42,65.8481,24.1466,32.02,77,54,5.08
431,Palana,RU,2022-04-28 19:04:42,59.1167,159.9667,30.74,78,21,22.64
432,Rumonge,BI,2022-04-28 19:04:42,-3.9736,29.4386,71.65,89,97,1.95
433,Graaff-Reinet,ZA,2022-04-28 19:04:43,-32.2522,24.5308,60.93,70,12,9.6
434,Pedernales,DO,2022-04-28 19:04:43,18.0384,-71.744,81.57,60,92,3.51
435,Praia Da Vitoria,PT,2022-04-28 19:04:44,38.7333,-27.0667,61.75,99,100,36.71
436,Omsukchan,RU,2022-04-28 19:04:44,62.5333,155.8,24.89,97,100,8.05
437,Yerbogachen,RU,2022-04-28 19:04:44,61.2767,108.0108,28.35,88,99,4.76
438,Marabba,SD,2022-04-28 19:04:45,12.35,32.1833,95.31,7,2,10.92
439,Belaya Gora,RU,2022-04-28 19:04:45,68.5333,146.4167,-4.61,100,100,1.61
440,Kurkino,RU,2022-04-28 19:04:45,53.4257,38.6582,41.56,60,100,8.28
441,Botro,CI,2022-04-28 19:04:45,7.8525,-5.3106,78.66,75,100,3.67
442,Mitu,CO,2022-04-28 19:00:12,1.1983,-70.1733,81.12,87,100,3.24
443,Sao Mateus Do Maranhao,BR,2022-04-28 19:04:46,-4.0417,-44.475,85.48,74,100,3.31
444,Mogadishu,SO,2022-04-28 19:04:43,2.0371,45.3438,83.71,73,100,13.56
445,Voskresenskoye,RU,2022-04-28 19:04:46,56.8381,45.4317,30.15,58,61,4.45
446,Brae,GB,2022-04-28 19:04:46,60.3964,-1.353,46.02,78,93,5.35
447,Atar,MR,2022-04-28 19:04:47,20.5169,-13.0499,89.38,8,0,10.04
448,Usinsk,RU,2022-04-28 19:04:47,65.9939,57.5281,23.47,77,4,9.33
449,Seoul,KR,2022-04-28 19:00:01,37.5683,126.9778,51.24,86,100,5.91
450,Puerto Escondido,MX,2022-04-28 19:04:47,15.85,-97.0667,88.63,66,0,9.22
451,Tagusao,PH,2022-04-28 19:04:48,9.1924,117.8141,79.09,87,100,9.44
452,Kitimat,CA,2022-04-28 19:00:37,54.0524,-128.6534,52.92,61,26,1.12
453,Nouadhibou,MR,2022-04-28 19:04:48,20.931,-17.0347,65.39,81,0,23.62
454,Husavik,IS,2022-04-28 19:04:48,66.0449,-17.3389,44.15,62,20,2.28
455,Mudanya,TR,2022-04-28 19:04:49,40.3753,28.8822,56.93,76,0,7.05
456,Marolambo,MG,2022-04-28 19:05:49,-20.05,48.1167,61.23,90,25,3.31
457,Nanortalik,GL,2022-04-28 19:05:49,60.1432,-45.2371,39.51,80,100,1.72
458,Shaoyang,CN,2022-04-28 19:05:50,27.2315,111.4525,56.97,84,96,7.31
459,Auki,SB,2022-04-28 19:05:50,-8.7676,160.7034,77.07,87,100,2.39
460,Ouidah,BJ,2022-04-28 19:05:50,6.3631,2.0851,81.12,72,94,7.72
461,Mount Isa,AU,2022-04-28 19:05:50,-20.7333,139.5,74.97,78,7,5.75
462,Rincon,US,2022-04-28 19:05:51,32.296,-81.2354,75.16,33,0,11.5
463,San Felipe,VE,2022-04-28 19:05:51,10.3399,-68.7425,79.12,83,100,5.77
464,Akyab,MM,2022-04-28 19:05:51,20.15,92.9,81.77,84,19,6.73
465,Mumbwa,ZM,2022-04-28 19:05:52,-14.9783,27.0619,59.77,82,5,6.08
466,Nishihara,JP,2022-04-28 19:02:44,26.1842,127.7558,78.46,94,75,14.97
467,Coxim,BR,2022-04-28 19:05:52,-18.5067,-54.76,94.14,26,34,4.34
468,Darnah,LY,2022-04-28 19:05:53,32.767,22.6367,65.07,69,80,11.68
469,Ust-Tsilma,RU,2022-04-28 19:05:53,65.441,52.1498,23.95,80,24,6.8
470,Ongandjera,NA,2022-04-28 19:05:53,-17.8833,15.0667,79.81,29,46,5.75
471,Sao Pedro Do Sul,BR,2022-04-28 19:05:53,-29.6206,-54.1789,64.74,88,88,8.08
472,Katsuura,JP,2022-04-28 19:05:54,35.1333,140.3,59.36,83,100,9.69
473,Teguise,ES,2022-04-28 19:05:54,29.0605,-13.564,64.62,64,20,24.16
474,Lishan,CN,2022-04-28 19:05:54,31.8576,113.2951,49.44,88,100,6.91
475,Uyuni,BO,2022-04-28 19:05:55,-20.4597,-66.825,64.62,6,35,3.6
476,Paamiut,GL,2022-04-28 19:05:55,61.994,-49.6678,36.75,93,100,19.19
477,San Jose Iturbide,MX,2022-04-28 19:05:55,21.0,-100.3833,78.31,25,9,5.66
478,Mariental,NA,2022-04-28 19:05:56,-24.6333,17.9667,76.21,30,85,7.56
479,Yangambi,CD,2022-04-28 19:05:56,0.8102,24.4336,72.54,89,74,3.15
480,Onega,RU,2022-04-28 19:05:56,63.9061,38.1404,27.75,83,41,8.23
481,Yar-Sale,RU,2022-04-28 19:05:56,66.8333,70.8333,15.08,85,100,4.83
482,Sfantu Gheorghe,RO,2022-04-28 19:05:57,45.8667,25.7833,49.26,94,85,2.44
483,Mirandopolis,BR,2022-04-28 19:05:57,-21.1336,-51.1017,92.37,23,70,3.98
484,Disna,BY,2022-04-28 19:05:57,55.568,28.1971,36.93,54,4,1.12
485,Pouebo,NC,2022-04-28 19:05:57,-20.4,164.5667,71.82,92,100,14.65
486,Batamshinskiy,KZ,2022-04-28 19:05:58,50.5594,58.2747,59.11,51,63,7.78
487,Kozan,TR,2022-04-28 19:05:58,37.4552,35.8157,66.22,52,0,1.97
488,Polunochnoye,RU,2022-04-28 19:05:58,60.8697,60.4153,28.89,91,96,9.78
489,Samarai,PG,2022-04-28 19:05:59,-10.6167,150.6667,81.63,78,32,9.4
490,Kentau,KZ,2022-04-28 19:05:59,43.5206,68.5094,65.01,29,100,13.8
491,Maltahohe,NA,2022-04-28 19:05:59,-24.8333,16.9833,68.43,32,0,11.99
492,Verkhoyansk,RU,2022-04-28 19:06:00,67.5447,133.385,-2.34,100,86,0.96
493,Kieta,PG,2022-04-28 19:06:00,-6.2167,155.6333,79.05,80,91,3.71
494,Phangnga,TH,2022-04-28 19:06:00,8.4509,98.5298,80.64,91,18,2.71
495,Sabang,ID,2022-04-28 19:06:00,5.8933,95.3214,83.16,75,74,7.76
496,Nanakuli,US,2022-04-28 19:06:01,21.3906,-158.1547,80.62,58,100,8.05
497,Harnai,PK,2022-04-28 19:06:01,30.1005,67.9374,83.43,14,72,2.42
498,Longyearbyen,SJ,2022-04-28 19:06:01,78.2186,15.6401,10.24,56,40,19.57
499,Fugen,AT,2022-04-28 19:06:02,47.35,11.85,55.72,88,4,1.66
500,Achinsk,RU,2022-04-28 19:06:02,56.2694,90.4993,49.64,65,100,10.02
501,Martapura,ID,2022-04-28 19:02:20,-3.4167,114.85,77.09,100,20,1.14
502,Yablonovo,RU,2022-04-28 19:06:02,50.8523,37.3574,49.05,65,96,4.92
503,Guadalupe Y Calvo,MX,2022-04-28 19:06:02,26.1,-106.9667,73.09,9,0,11.88
504,Saint-Pierre,RE,2022-04-28 19:06:03,-21.3393,55.4781,75.29,74,0,6.91
505,Port Macquarie,AU,2022-04-28 19:07:03,-31.4333,152.9167,62.89,92,22,7.16
506,Novosokolniki,RU,2022-04-28 19:07:03,56.3463,30.1578,33.71,58,31,3.47
507,Beloha,MG,2022-04-28 19:07:04,-25.1667,45.05,68.09,56,77,10.71
508,Najran,SA,2022-04-28 19:04:42,17.4924,44.1277,73.04,47,31,2.08
509,Bathsheba,BB,2022-04-28 19:07:04,13.2167,-59.5167,84.81,74,20,16.11
510,Bontang,ID,2022-04-28 19:07:04,0.1333,117.5,78.33,87,33,4.68
511,Skjold,DK,2022-04-28 19:07:05,55.7971,9.9397,49.86,63,48,10.96
512,Mount Gambier,AU,2022-04-28 19:07:05,-37.8333,140.7667,62.37,67,86,6.44
513,Saldanha,ZA,2022-04-28 19:07:05,-33.0117,17.9442,59.36,91,0,13.42
514,Marzuq,YE,2022-04-28 19:07:05,14.4,46.4667,72.88,56,14,4.61
515,Puka,EE,2022-04-28 19:07:06,58.0559,26.2436,39.31,87,96,5.35
516,Meadow Lake,US,2022-04-28 19:03:31,34.8014,-106.5436,77.85,9,0,10.42
517,Kokopo,PG,2022-04-28 19:07:06,-4.352,152.2633,75.74,83,100,4.45
518,Antalaha,MG,2022-04-28 19:07:06,-14.9003,50.2788,76.03,77,30,11.97
519,Bubaque,GW,2022-04-28 19:07:07,11.2833,-15.8333,78.12,74,86,19.01
520,Qui Nhon,VN,2022-04-28 19:07:07,13.7667,109.2333,78.26,90,100,2.55
521,Kadyy,RU,2022-04-28 19:07:07,57.787,43.1903,28.92,51,12,0.96
522,Maniitsoq,GL,2022-04-28 19:07:08,65.4167,-52.9,28.87,97,100,3.65
523,Laguna,US,2022-04-28 19:07:08,38.421,-121.4238,67.05,40,0,5.75
524,Newton,US,2022-04-28 19:04:38,42.337,-71.2092,53.11,39,100,19.57
525,Evensk,RU,2022-04-28 19:07:08,61.95,159.2333,31.44,82,74,12.93
526,Peniche,PT,2022-04-28 19:07:09,39.3558,-9.3811,62.11,84,8,18.66
527,Tommot,RU,2022-04-28 19:07:09,58.9564,126.2925,19.2,96,100,1.41
528,Kloulklubed,PW,2022-04-28 19:07:09,7.0419,134.2556,81.59,77,100,4.61
529,Maldonado,UY,2022-04-28 19:07:03,-34.6667,-54.9167,60.19,52,0,15.97
530,Vozrozhdeniye,RU,2022-04-28 19:07:10,44.5503,38.2136,61.93,76,64,11.05
531,Lompoc,US,2022-04-28 19:07:10,34.6391,-120.4579,72.7,57,0,21.99
532,La Palma,US,2022-04-28 19:07:10,33.8464,-118.0467,70.09,67,75,9.22
533,Matadi,CD,2022-04-28 19:07:10,-5.8167,13.45,77.61,93,100,4.43
534,Ilulissat,GL,2022-04-28 19:07:11,69.2167,-51.1,26.62,93,75,6.91
535,Carmen,MX,2022-04-28 19:07:11,18.6333,-91.8333,87.84,55,20,8.05
536,Weihai,CN,2022-04-28 19:07:11,37.5017,122.1136,47.48,84,100,8.97
537,Atambua,ID,2022-04-28 19:07:12,-9.1061,124.8925,71.4,89,72,3.87
538,Jinchang,CN,2022-04-28 19:07:12,38.4953,102.1739,51.69,54,100,10.29
539,Kharitonovo,RU,2022-04-28 19:07:12,61.4009,47.4978,20.64,89,5,2.75
540,Samana,DO,2022-04-28 19:07:13,19.2056,-69.3369,79.23,52,97,7.94
541,Kapit,MY,2022-04-28 19:07:13,2.0167,112.9333,72.59,99,91,0.94
542,Nuuk,GL,2022-04-28 19:07:13,64.1835,-51.7216,34.41,100,100,31.07
543,Serebryansk,KZ,2022-04-28 19:07:14,49.6925,83.2892,47.75,55,0,2.24
544,Ouesso,CG,2022-04-28 19:07:14,1.6136,16.0517,71.58,96,33,0.2
545,Verkhnevilyuysk,RU,2022-04-28 19:07:14,63.4453,120.3167,20.61,97,35,4.21
546,Toora-Khem,RU,2022-04-28 19:07:14,52.4675,96.11,36.75,69,84,1.77
547,Luanda,AO,2022-04-28 19:05:40,-8.8368,13.2343,76.39,91,100,10.13
548,Tyukod,HU,2022-04-28 19:07:15,47.8538,22.5633,52.11,89,100,6.06
549,Kismayo,SO,2022-04-28 19:07:15,-0.3582,42.5454,82.65,78,100,11.25
550,Xuanhua,CN,2022-04-28 19:07:16,40.6103,115.0447,47.86,74,49,3.04
551,Pacific Grove,US,2022-04-28 19:02:50,36.6177,-121.9166,64.42,69,40,10.36
552,Doba,TD,2022-04-28 19:08:16,8.65,16.85,85.71,46,64,3.33
553,Chifeng,CN,2022-04-28 19:08:16,42.2683,118.9636,46.35,40,0,6.44
554,Balaguer,ES,2022-04-28 19:08:17,41.7912,0.8109,67.35,61,100,4.47
555,Carbonia,IT,2022-04-28 19:08:17,39.1672,8.5222,63.25,78,100,3.56
556,Taunggyi,MM,2022-04-28 19:08:08,20.7833,97.0333,68.95,53,93,2.77
557,Cockburn Town,TC,2022-04-28 19:08:17,21.4612,-71.1419,75.78,57,45,10.54
558,Belmonte,BR,2022-04-28 19:08:18,-15.8631,-38.8828,80.33,72,6,9.17
559,Tezu,IN,2022-04-28 19:08:18,27.9167,96.1667,72.46,62,20,4.61
560,Dudinka,RU,2022-04-28 19:08:18,69.4058,86.1778,4.69,99,100,3.33
561,Vardo,NO,2022-04-28 19:08:19,70.3705,31.1107,19.38,93,100,23.02
562,Hobyo,SO,2022-04-28 19:08:19,5.3505,48.5268,84.51,72,8,13.31
563,San Quintin,MX,2022-04-28 19:08:19,30.4833,-115.95,63.55,65,19,19.01
564,Laramie,US,2022-04-28 19:07:13,41.3114,-105.5911,64.53,21,0,8.05
565,Kristiansund,NO,2022-04-28 19:08:19,63.1115,7.732,41.65,60,75,9.22
