City_ID,City,Country,Date,Lat,Lng,Max Temp,Humidity,Cloudiness,Wind Speed,Description
0,Mataura,NZ,2022-05-02 00:18:14,-46.1927,168.8643,62.47,72,13,4.18,few clouds
1,Cherskiy,RU,2022-05-02 00:18:15,68.75,161.3,28.45,85,16,11.72,few clouds
2,Ancud,CL,2022-05-02 00:18:15,-41.8697,-73.8203,50.32,91,41,4.14,scattered clouds
3,Wanning,CN,2022-05-02 00:18:16,18.8003,110.3967,69.58,94,100,16.08,overcast clouds
4,Jasper,US,2022-05-02 00:18:16,37.2001,-94.3502,71.11,42,40,5.75,scattered clouds
5,Port Alfred,ZA,2022-05-02 00:18:17,-33.5906,26.891,56.17,93,2,8.48,clear sky
6,Tasiilaq,GL,2022-05-02 00:18:17,65.6145,-37.6368,19.81,57,88,4.92,overcast clouds
7,Oriximina,BR,2022-05-02 00:18:18,-1.7656,-55.8661,75.65,94,63,2.57,broken clouds
8,Sibolga,ID,2022-05-02 00:18:18,1.7427,98.7792,76.71,86,100,3.33,overcast clouds
9,Saint-Philippe,RE,2022-05-02 00:10:19,-21.3585,55.7679,74.79,84,2,2.91,clear sky
10,Yellowknife,CA,2022-05-02 00:18:19,62.456,-114.3525,45.12,49,0,12.66,clear sky
11,Jamestown,US,2022-05-02 00:16:51,42.097,-79.2353,56.79,93,100,13.8,overcast clouds
12,Chuy,UY,2022-05-02 00:09:41,-33.6971,-53.4616,51.66,80,0,7.83,clear sky
13,Albany,US,2022-05-02 00:05:32,42.6001,-73.9662,63.01,53,100,2.33,overcast clouds
14,Souillac,MU,2022-05-02 00:18:20,-20.5167,57.5167,71.98,94,20,1.14,few clouds
15,Butaritari,KI,2022-05-02 00:18:20,3.0707,172.7902,81.46,79,88,13.35,light rain
16,Dharampuri,IN,2022-05-02 00:18:21,22.1667,75.35,86.63,51,2,13.78,clear sky
17,Kaeo,NZ,2022-05-02 00:18:21,-35.1,173.7833,70.32,75,83,8.77,broken clouds
18,Sioux Lookout,CA,2022-05-02 00:18:22,50.1001,-91.917,37.47,100,100,3.44,light intensity drizzle
19,Port Blair,IN,2022-05-02 00:18:22,11.6667,92.75,78.84,94,75,2.3,mist
20,Upernavik,GL,2022-05-02 00:18:23,72.7868,-56.1549,0.75,88,50,3.22,scattered clouds
21,Ushuaia,AR,2022-05-02 00:18:23,-54.8,-68.3,38.86,81,20,6.91,few clouds
22,Apatity,RU,2022-05-02 00:18:24,67.5641,33.4031,24.21,88,96,3.47,overcast clouds
23,Vila Velha,BR,2022-05-02 00:18:24,-20.3297,-40.2925,78.75,77,0,10.0,clear sky
24,Maragogi,BR,2022-05-02 00:18:25,-9.0122,-35.2225,76.86,87,72,5.82,broken clouds
25,Tilichiki,RU,2022-05-02 00:18:25,60.4667,166.1,24.87,84,17,4.88,few clouds
26,Vaini,TO,2022-05-02 00:18:25,-21.2,-175.2,82.56,83,75,14.97,broken clouds
27,Ayagoz,KZ,2022-05-02 00:18:26,47.9714,80.4392,62.08,30,100,0.96,overcast clouds
28,Bengkulu,ID,2022-05-02 00:07:15,-3.8004,102.2655,76.6,86,95,4.18,overcast clouds
29,Taoudenni,ML,2022-05-02 00:18:27,22.6783,-3.9836,78.91,21,49,9.71,scattered clouds
30,Bredasdorp,ZA,2022-05-02 00:10:18,-34.5322,20.0403,55.15,94,53,4.16,broken clouds
31,Busselton,AU,2022-05-02 00:07:19,-33.65,115.3333,62.2,81,68,0.43,light rain
32,Sao Felix Do Xingu,BR,2022-05-02 00:18:27,-6.6447,-51.995,77.16,81,59,2.55,broken clouds
33,Faanui,PF,2022-05-02 00:18:28,-16.4833,-151.75,81.21,72,18,9.42,few clouds
34,Hobart,AU,2022-05-02 00:05:53,-42.8794,147.3294,65.26,63,75,4.61,broken clouds
35,Airai,TL,2022-05-02 00:18:28,-8.9266,125.4092,69.26,56,69,5.06,broken clouds
36,Ahipara,NZ,2022-05-02 00:18:29,-35.1667,173.1667,68.18,62,97,7.43,overcast clouds
37,Mahebourg,MU,2022-05-02 00:18:29,-20.4081,57.7,73.26,94,20,1.14,few clouds
38,Mar Del Plata,AR,2022-05-02 00:17:45,-38.0023,-57.5575,52.88,72,75,17.0,light rain
39,Norman Wells,CA,2022-05-02 00:18:30,65.282,-126.8329,53.64,37,40,20.71,scattered clouds
40,Srednekolymsk,RU,2022-05-02 00:18:31,67.45,153.6833,32.65,100,100,3.11,overcast clouds
41,Lompoc,US,2022-05-02 00:18:31,34.6391,-120.4579,72.84,68,0,28.99,clear sky
42,East London,ZA,2022-05-02 00:16:25,-33.0153,27.9116,61.02,79,0,7.49,clear sky
43,Saumur,FR,2022-05-02 00:18:32,47.3333,-0.25,52.84,65,99,6.44,overcast clouds
44,Moro,PK,2022-05-02 00:18:32,26.6646,68.0016,94.26,9,46,19.13,scattered clouds
45,Punta Arenas,CL,2022-05-02 00:13:45,-53.15,-70.9167,41.11,75,0,6.91,clear sky
46,Talas,TR,2022-05-02 00:18:33,38.6908,35.5538,45.27,87,40,4.61,scattered clouds
47,Rikitea,PF,2022-05-02 00:18:33,-23.1203,-134.9692,76.46,70,20,5.48,few clouds
48,New Norfolk,AU,2022-05-02 00:10:19,-42.7826,147.0587,64.92,50,86,7.31,overcast clouds
49,Inhambane,MZ,2022-05-02 00:19:34,-23.865,35.3833,68.41,84,16,8.16,light rain
50,Ayna,PE,2022-05-02 00:19:34,-12.65,-73.9167,61.7,87,80,1.12,broken clouds
51,Ballina,AU,2022-05-02 00:19:35,-28.8667,153.5667,73.36,71,40,14.97,scattered clouds
52,Marawi,PH,2022-05-02 00:19:35,7.9986,124.2928,74.73,87,99,0.51,overcast clouds
53,Bjornevatn,NO,2022-05-02 00:19:36,69.6672,29.9847,26.94,86,100,8.05,overcast clouds
54,Tshikapa,CD,2022-05-02 00:19:36,-6.4167,20.8,69.91,95,99,3.13,overcast clouds
55,Namibe,AO,2022-05-02 00:19:36,-15.1961,12.1522,73.94,68,50,8.63,scattered clouds
56,Tutoia,BR,2022-05-02 00:19:37,-2.7619,-42.2744,78.12,89,91,7.09,light rain
57,Esperance,AU,2022-05-02 00:19:37,-33.8667,121.9,58.84,63,2,7.36,clear sky
58,Newport,GB,2022-05-02 00:19:38,51.5877,-2.9984,51.46,91,99,2.04,overcast clouds
59,Avarua,CK,2022-05-02 00:10:23,-21.2078,-159.775,84.25,74,20,5.75,few clouds
60,Kavieng,PG,2022-05-02 00:19:38,-2.5744,150.7967,85.1,70,28,9.98,scattered clouds
61,Pevek,RU,2022-05-02 00:19:39,69.7008,170.3133,18.25,70,97,8.05,overcast clouds
62,Banavar,IN,2022-05-02 00:19:39,13.4136,76.1683,71.55,83,84,5.28,broken clouds
63,Khandbari,NP,2022-05-02 00:17:20,27.3747,87.2039,63.64,77,19,3.69,few clouds
64,Kirkenaer,NO,2022-05-02 00:19:40,60.4564,12.0582,41.45,65,100,5.06,overcast clouds
65,Castro,BR,2022-05-02 00:19:40,-24.7911,-50.0119,63.16,88,62,2.48,broken clouds
66,Atuona,PF,2022-05-02 00:19:41,-9.8,-139.0333,78.31,81,100,12.73,overcast clouds
67,Enumclaw,US,2022-05-02 00:18:38,47.2043,-121.9915,63.16,57,100,3.0,overcast clouds
68,Killybegs,IE,2022-05-02 00:19:42,54.6333,-8.45,50.92,92,88,2.28,overcast clouds
69,Mahon,ES,2022-05-02 00:17:09,39.8885,4.2658,57.76,94,40,3.44,fog
70,Clarksdale,US,2022-05-02 00:19:42,34.2001,-90.5709,78.91,44,0,9.22,clear sky
71,Nyurba,RU,2022-05-02 00:19:43,63.2842,118.3319,24.8,61,53,13.42,broken clouds
72,Bluff,NZ,2022-05-02 00:19:43,-46.6,168.3333,62.8,77,29,12.39,scattered clouds
73,Saskylakh,RU,2022-05-02 00:19:43,71.9167,114.0833,14.5,91,50,5.84,scattered clouds
74,Bethel,US,2022-05-02 00:19:44,41.3712,-73.414,60.37,51,100,1.01,overcast clouds
75,Paoua,CF,2022-05-02 00:19:44,7.2427,16.4406,71.26,82,100,5.37,overcast clouds
76,Chicama,PE,2022-05-02 00:19:45,-7.8447,-79.1469,63.14,82,38,7.0,scattered clouds
77,Kavaratti,IN,2022-05-02 00:19:45,10.5669,72.642,84.06,71,86,9.01,overcast clouds
78,Belyy Yar,RU,2022-05-02 00:19:46,53.6039,91.3903,53.49,40,0,4.47,clear sky
79,Bundaberg,AU,2022-05-02 00:17:47,-24.85,152.35,75.49,78,75,13.8,light rain
80,Naryan-Mar,RU,2022-05-02 00:19:46,67.6713,53.087,15.73,96,88,9.4,overcast clouds
81,Puerto Ayora,EC,2022-05-02 00:19:31,-0.7393,-90.3518,73.26,86,50,5.55,scattered clouds
82,Voi,KE,2022-05-02 00:19:47,-3.3945,38.563,70.23,89,46,6.71,scattered clouds
83,Kieta,PG,2022-05-02 00:19:47,-6.2167,155.6333,85.35,68,96,3.83,overcast clouds
84,Touros,BR,2022-05-02 00:19:48,-5.1989,-35.4608,79.47,82,94,10.92,overcast clouds
85,Povenets,RU,2022-05-02 00:19:49,62.8487,34.8262,30.7,99,100,5.7,snow
86,Port Elizabeth,ZA,2022-05-02 00:16:05,-33.918,25.5701,55.31,92,1,1.01,clear sky
87,Dikson,RU,2022-05-02 00:19:49,73.5069,80.5464,8.1,95,100,10.92,overcast clouds
88,Lebu,CL,2022-05-02 00:19:50,-37.6167,-73.65,52.54,90,13,14.65,few clouds
89,Kimbe,PG,2022-05-02 00:19:50,-5.5502,150.1429,86.54,66,9,1.59,clear sky
90,Barcelona,ES,2022-05-02 00:15:19,41.3888,2.159,63.79,75,0,2.3,clear sky
91,Quirinopolis,BR,2022-05-02 00:16:48,-18.4483,-50.4517,70.81,45,1,1.36,clear sky
92,Bastia,FR,2022-05-02 00:19:51,42.6667,9.3333,58.3,67,0,5.75,clear sky
93,Mehamn,NO,2022-05-02 00:19:51,71.0357,27.8492,25.25,79,88,11.39,overcast clouds
94,Novikovo,RU,2022-05-02 00:19:52,51.1537,37.8879,40.46,61,50,3.13,scattered clouds
95,Kita,ML,2022-05-02 00:19:52,13.0349,-9.4895,90.48,28,70,1.32,broken clouds
96,Shelburne,CA,2022-05-02 00:19:53,44.0787,-80.2041,48.31,90,100,9.78,overcast clouds
97,Thunder Bay,CA,2022-05-02 00:20:03,48.4001,-89.3168,38.28,100,100,9.22,mist
98,Ilulissat,GL,2022-05-02 00:20:54,69.2167,-51.1,21.22,63,37,0.0,scattered clouds
99,Figeac,FR,2022-05-02 00:20:54,44.75,1.9167,51.1,85,96,2.06,overcast clouds
100,Te Anau,NZ,2022-05-02 00:20:55,-45.4167,167.7167,57.85,72,14,4.74,few clouds
101,Yumen,CN,2022-05-02 00:20:55,40.2833,97.2,52.77,14,16,1.92,few clouds
102,Qaanaaq,GL,2022-05-02 00:20:56,77.484,-69.3632,7.12,72,19,6.17,few clouds
103,Maputo,MZ,2022-05-02 00:20:56,-25.9653,32.5892,67.23,76,0,6.91,clear sky
104,Kapaa,US,2022-05-02 00:20:57,22.0752,-159.319,85.98,79,75,18.41,broken clouds
105,Barrow,US,2022-05-02 00:20:57,71.2906,-156.7887,19.42,86,100,14.97,overcast clouds
106,Camacha,PT,2022-05-02 00:20:58,33.0833,-16.3333,60.22,77,40,10.36,scattered clouds
107,Bon Accord,CA,2022-05-02 00:20:58,53.8335,-113.4187,54.79,76,100,17.2,overcast clouds
108,Minab,IR,2022-05-02 00:20:59,27.1467,57.0801,77.94,73,0,4.21,clear sky
109,Ishigaki,JP,2022-05-02 00:20:59,24.3448,124.1572,68.13,88,75,14.97,broken clouds
110,Iqaluit,CA,2022-05-02 00:21:00,63.7506,-68.5145,26.33,86,40,6.91,scattered clouds
111,Pisco,PE,2022-05-02 00:21:00,-13.7,-76.2167,65.01,82,0,13.8,clear sky
112,Georgetown,MY,2022-05-02 00:21:01,5.4112,100.3354,80.55,94,20,3.44,few clouds
113,Magaria,NE,2022-05-02 00:21:01,12.9983,8.9099,86.88,21,47,11.86,scattered clouds
114,Abhar,IR,2022-05-02 00:21:02,36.1468,49.218,50.47,86,100,3.29,overcast clouds
115,Ratnagiri,IN,2022-05-02 00:21:02,16.9833,73.3,80.37,83,1,3.6,clear sky
116,Chake Chake,TZ,2022-05-02 00:21:02,-5.2459,39.7666,76.37,88,100,10.96,moderate rain
117,Khatanga,RU,2022-05-02 00:21:03,71.9667,102.5,16.23,87,82,10.54,broken clouds
118,Tiksi,RU,2022-05-02 00:21:04,71.6872,128.8694,16.92,84,95,10.38,overcast clouds
119,Urzhum,RU,2022-05-02 00:21:04,57.1141,49.9996,34.05,77,67,9.66,broken clouds
120,Maragheh,IR,2022-05-02 00:21:05,37.3917,46.2398,52.07,82,100,9.22,light intensity shower rain
121,Belaya Gora,RU,2022-05-02 00:21:05,68.5333,146.4167,30.6,97,59,6.98,broken clouds
122,Kotovo,RU,2022-05-02 00:21:06,50.3211,44.8012,38.88,62,10,6.91,clear sky
123,Hervey Bay,AU,2022-05-02 00:21:06,-25.2986,152.8535,71.02,90,100,11.01,moderate rain
124,Carnarvon,AU,2022-05-02 00:21:07,-24.8667,113.6333,69.87,52,0,10.36,clear sky
125,Tucuman,AR,2022-05-02 00:18:41,-26.8241,-65.2226,60.8,67,100,4.61,overcast clouds
126,Thessalon,CA,2022-05-02 00:21:07,46.2501,-83.5666,43.09,96,100,11.9,overcast clouds
127,Kautokeino,NO,2022-05-02 00:21:08,69.0125,23.0412,30.6,98,100,14.12,light snow
128,Turangi,NZ,2022-05-02 00:21:08,-39.0,175.9333,59.4,63,100,3.24,overcast clouds
129,Smithers,CA,2022-05-02 00:21:09,54.7804,-127.1743,52.12,54,100,11.5,light rain
130,Moree,AU,2022-05-02 00:21:09,-29.4667,149.85,71.62,49,0,10.36,clear sky
131,Tuktoyaktuk,CA,2022-05-02 00:21:10,69.4541,-133.0374,37.4,75,75,11.5,broken clouds
132,Torbay,CA,2022-05-02 00:21:10,47.6666,-52.7314,43.57,90,75,3.44,broken clouds
133,Hilton Head Island,US,2022-05-02 00:18:38,32.2163,-80.7526,74.98,78,0,10.36,clear sky
134,Bambous Virieux,MU,2022-05-02 00:21:11,-20.3428,57.7575,73.22,94,20,1.14,few clouds
135,Bud,US,2022-05-02 00:21:12,39.447,-86.1758,59.02,67,97,13.53,overcast clouds
136,Clyde River,CA,2022-05-02 00:21:12,70.4692,-68.5914,8.83,85,100,12.66,light snow
137,Kuloy,RU,2022-05-02 00:21:13,61.0305,42.4925,27.39,89,89,3.04,overcast clouds
138,Cape Town,ZA,2022-05-02 00:19:49,-33.9258,18.4232,60.12,83,0,5.01,clear sky
139,Ponce,PR,2022-05-02 00:21:13,18.073,-66.6185,77.61,85,100,3.24,overcast clouds
140,Ponta Do Sol,PT,2022-05-02 00:21:14,32.6667,-17.1,65.03,75,0,4.18,clear sky
141,Tomatlan,MX,2022-05-02 00:21:15,19.9333,-105.25,82.92,44,32,6.24,scattered clouds
142,Arraial Do Cabo,BR,2022-05-02 00:22:15,-22.9661,-42.0278,76.6,80,7,11.79,clear sky
143,Pacifica,US,2022-05-02 00:22:16,37.6138,-122.4869,75.43,69,20,27.63,haze
144,Griffith,US,2022-05-02 00:21:54,41.5284,-87.4237,51.66,73,100,13.8,overcast clouds
145,Berlevag,NO,2022-05-02 00:22:16,70.8578,29.0864,19.2,72,91,9.28,overcast clouds
146,Chokurdakh,RU,2022-05-02 00:22:17,70.6333,147.9167,28.54,91,61,10.25,broken clouds
147,Czluchow,PL,2022-05-02 00:22:17,53.6672,17.3588,41.16,78,96,3.22,overcast clouds
148,Bubaque,GW,2022-05-02 00:22:18,11.2833,-15.8333,77.7,71,35,11.1,scattered clouds
149,Thompson,CA,2022-05-02 00:22:18,55.7435,-97.8558,26.76,86,100,12.66,overcast clouds
150,Severo-Kurilsk,RU,2022-05-02 00:22:19,50.6789,156.125,35.98,86,77,9.06,broken clouds
151,Huarmey,PE,2022-05-02 00:22:19,-10.0681,-78.1522,66.83,85,76,8.05,broken clouds
152,Nikolskoye,RU,2022-05-02 00:22:20,59.7035,30.7861,40.71,91,59,5.32,broken clouds
153,Sabang,ID,2022-05-02 00:22:20,5.8933,95.3214,83.55,74,100,18.59,overcast clouds
154,Bonavista,CA,2022-05-02 00:22:21,48.6499,-53.1147,37.22,96,100,4.43,overcast clouds
155,Stony Plain,CA,2022-05-02 00:22:21,53.5334,-114.0021,55.51,89,100,5.35,overcast clouds
156,Hastings,GB,2022-05-02 00:22:22,50.8552,0.5729,49.78,74,100,3.06,light rain
157,Hasaki,JP,2022-05-02 00:21:05,35.7333,140.8333,57.6,55,100,16.87,overcast clouds
158,Valparaiso,CL,2022-05-02 00:21:41,-33.0393,-71.6273,57.47,72,0,3.44,clear sky
159,Agadir,MA,2022-05-02 00:22:23,30.4202,-9.5982,63.05,70,0,5.41,clear sky
160,Dingle,PH,2022-05-02 00:22:23,10.9995,122.6711,82.67,74,99,7.43,overcast clouds
161,Katsuura,JP,2022-05-02 00:22:24,35.1333,140.3,57.45,64,100,12.03,overcast clouds
162,Kaitangata,NZ,2022-05-02 00:22:24,-46.2817,169.8464,60.13,68,16,5.28,few clouds
163,High Level,CA,2022-05-02 00:22:25,58.5169,-117.136,51.91,50,75,12.66,broken clouds
164,Pak Phanang,TH,2022-05-02 00:22:25,8.3511,100.202,80.62,84,98,5.93,overcast clouds
165,Cranbrook,CA,2022-05-02 00:22:26,49.4999,-115.7688,55.24,47,100,5.75,overcast clouds
166,Coreau,BR,2022-05-02 00:22:26,-3.5333,-40.6567,73.67,93,97,0.74,overcast clouds
167,Sisimiut,GL,2022-05-02 00:22:27,66.9395,-53.6735,25.72,76,34,6.29,scattered clouds
168,Ostrovnoy,RU,2022-05-02 00:22:27,68.0531,39.5131,14.77,93,51,8.48,broken clouds
169,Gillette,US,2022-05-02 00:21:20,44.2911,-105.5022,51.12,53,100,12.66,overcast clouds
170,Alofi,NU,2022-05-02 00:22:28,-19.0595,-169.9187,84.09,79,100,9.22,overcast clouds
171,Half Moon Bay,US,2022-05-02 00:22:29,37.4636,-122.4286,77.54,67,0,27.63,haze
172,Atar,MR,2022-05-02 00:22:29,20.5169,-13.0499,83.98,12,0,10.04,clear sky
173,Poum,NC,2022-05-02 00:22:29,-20.2333,164.0167,78.87,77,10,2.57,clear sky
174,Nanortalik,GL,2022-05-02 00:22:30,60.1432,-45.2371,37.45,84,100,4.41,overcast clouds
175,Hithadhoo,MV,2022-05-02 00:22:31,-0.6,73.0833,85.33,74,100,17.47,overcast clouds
176,Hilo,US,2022-05-02 00:22:31,19.7297,-155.09,77.29,93,100,10.36,moderate rain
177,Mantua,IT,2022-05-02 00:22:32,45.1667,10.7833,54.34,84,42,1.99,scattered clouds
178,Victor Harbor,AU,2022-05-02 00:22:32,-35.5667,138.6167,64.99,79,3,1.99,clear sky
179,Kokuy,RU,2022-05-02 00:22:33,52.2037,117.5529,55.17,50,100,7.4,overcast clouds
180,Isangel,VU,2022-05-02 00:20:16,-19.55,169.2667,87.91,74,75,6.91,broken clouds
181,Zhigansk,RU,2022-05-02 00:22:33,66.7697,123.3711,17.28,85,87,21.27,overcast clouds
182,Auki,SB,2022-05-02 00:22:34,-8.7676,160.7034,80.2,84,100,4.56,overcast clouds
183,Karratha,AU,2022-05-02 00:22:35,-20.7377,116.8463,80.49,49,100,14.38,overcast clouds
184,Gizo,SB,2022-05-02 00:22:35,-8.103,156.8419,84.43,69,23,3.2,few clouds
185,Hermanus,ZA,2022-05-02 00:23:36,-34.4187,19.2345,59.81,86,57,9.86,broken clouds
186,Mount Gambier,AU,2022-05-02 00:23:36,-37.8333,140.7667,60.71,88,100,12.66,overcast clouds
187,Geraldton,AU,2022-05-02 00:23:37,-28.7667,114.6,55.81,82,0,3.44,clear sky
188,Cheremnoye,RU,2022-05-02 00:23:37,53.1697,83.2133,64.99,55,97,5.84,overcast clouds
189,Annau,TM,2022-05-02 00:23:38,37.8876,58.516,60.3,100,100,4.61,light intensity shower rain
190,Iskateley,RU,2022-05-02 00:23:38,67.6803,53.1512,15.49,96,89,9.35,overcast clouds
191,Muros,ES,2022-05-02 00:23:39,42.7762,-9.0603,51.55,86,29,5.26,scattered clouds
192,Coquimbo,CL,2022-05-02 00:23:39,-29.9533,-71.3436,55.13,94,0,2.3,clear sky
193,Aksarka,RU,2022-05-02 00:23:40,66.5606,67.7975,5.97,96,17,4.72,few clouds
194,Madarounfa,NE,2022-05-02 00:23:40,13.3087,7.156,89.35,14,23,6.38,few clouds
195,Dhidhdhoo,MV,2022-05-02 00:23:41,6.8833,73.1,85.1,75,85,13.73,overcast clouds
196,Fort Nelson,CA,2022-05-02 00:23:41,58.8053,-122.7002,53.19,40,40,9.22,scattered clouds
197,Nizhniy Baskunchak,RU,2022-05-02 00:20:17,48.2198,46.8311,46.96,47,57,12.39,broken clouds
198,Yerbogachen,RU,2022-05-02 00:23:42,61.2767,108.0108,27.63,59,7,3.0,clear sky
199,Axim,GH,2022-05-02 00:23:43,4.8699,-2.2405,80.01,85,75,5.91,broken clouds
200,Cayenne,GF,2022-05-02 00:23:43,4.9333,-52.3333,81.09,1,20,7.0,few clouds
201,Yeppoon,AU,2022-05-02 00:23:44,-23.1333,150.7333,74.98,79,97,15.52,overcast clouds
202,Lorengau,PG,2022-05-02 00:23:44,-2.0226,147.2712,82.45,79,91,3.0,overcast clouds
203,Namatanai,PG,2022-05-02 00:23:45,-3.6667,152.4333,84.85,68,33,7.16,scattered clouds
204,Imbituba,BR,2022-05-02 00:23:45,-28.24,-48.6703,67.86,91,90,8.59,overcast clouds
205,Provideniya,RU,2022-05-02 00:23:46,64.3833,-173.3,29.37,59,14,12.64,few clouds
206,Itupiranga,BR,2022-05-02 00:23:46,-5.1347,-49.3267,74.61,92,26,1.59,scattered clouds
207,Boa Vista,BR,2022-05-02 00:23:47,2.8197,-60.6733,82.38,57,0,5.75,clear sky
208,Bozova,TR,2022-05-02 00:23:47,37.3625,38.5267,58.12,82,40,3.38,scattered clouds
209,Cidreira,BR,2022-05-02 00:23:20,-30.1811,-50.2056,64.83,72,100,7.23,overcast clouds
210,Nikolayevka,RU,2022-05-02 00:23:48,53.1257,47.2041,35.47,60,2,3.09,clear sky
211,Palana,RU,2022-05-02 00:23:49,59.1167,159.9667,28.45,81,59,9.37,broken clouds
212,Sidi Ali,DZ,2022-05-02 00:23:49,36.0998,0.4206,63.21,46,37,1.3,scattered clouds
213,Wucheng,CN,2022-05-02 00:23:50,29.6008,118.175,59.61,78,81,1.19,broken clouds
214,Belize,BZ,2022-05-02 00:23:50,17.25,-88.75,75.16,97,100,3.38,overcast clouds
215,Gualeguay,AR,2022-05-02 00:23:51,-33.1416,-59.3097,49.44,72,17,6.49,few clouds
216,Xining,CN,2022-05-02 00:23:51,36.6167,101.7667,37.15,57,1,3.4,clear sky
217,Healesville,AU,2022-05-02 00:23:52,-37.65,145.5167,66.34,77,96,1.99,overcast clouds
218,Menongue,AO,2022-05-02 00:21:13,-14.6585,17.691,59.63,68,46,3.71,scattered clouds
219,Rawson,AR,2022-05-02 00:20:10,-43.3002,-65.1023,50.81,63,100,9.44,overcast clouds
220,Canar,EC,2022-05-02 00:23:52,-2.55,-78.9333,51.84,87,80,6.71,broken clouds
221,Krivosheino,RU,2022-05-02 00:23:53,57.3431,83.9261,37.89,77,100,7.05,overcast clouds
222,Tromso,NO,2022-05-02 00:23:53,69.6496,18.957,32.38,93,100,2.3,light snow
223,Muroto,JP,2022-05-02 00:23:54,33.2833,134.15,60.17,55,100,1.88,overcast clouds
224,Puro,PH,2022-05-02 00:23:54,12.4841,123.3827,81.99,75,88,9.1,overcast clouds
225,Aksu,CN,2022-05-02 00:23:55,41.1231,80.2644,59.07,24,73,6.22,broken clouds
226,Harindanga,IN,2022-05-02 00:23:55,22.0383,88.3214,81.52,82,46,14.43,scattered clouds
227,Ambilobe,MG,2022-05-02 00:23:56,-13.2,49.05,72.39,97,27,2.95,scattered clouds
228,Sorong,ID,2022-05-02 00:23:56,-0.8833,131.25,82.2,79,87,7.27,overcast clouds
229,Saint George,US,2022-05-02 00:23:57,37.1041,-113.5841,74.62,15,0,27.63,clear sky
230,Collecchio,IT,2022-05-02 00:24:57,44.754,10.2184,53.56,86,28,3.27,scattered clouds
231,Olafsvik,IS,2022-05-02 00:24:58,64.8945,-23.7142,33.4,64,17,19.04,few clouds
232,Mutoko,ZW,2022-05-02 00:24:58,-17.397,32.2268,53.73,88,6,3.98,clear sky
233,Morondava,MG,2022-05-02 00:24:59,-20.2833,44.2833,71.46,76,0,11.43,clear sky
234,Paamiut,GL,2022-05-02 00:24:59,61.994,-49.6678,31.48,92,68,6.31,broken clouds
235,Saldanha,ZA,2022-05-02 00:25:00,-33.0117,17.9442,55.45,75,5,7.56,clear sky
236,Loandjili,CG,2022-05-02 00:25:00,-4.7561,11.8578,77.67,91,96,3.67,light rain
237,Kibala,TD,2022-05-02 00:25:01,9.1104,18.3463,83.86,49,70,6.6,broken clouds
238,Bekhtery,UA,2022-05-02 00:25:01,46.251,32.2927,49.93,66,66,7.34,broken clouds
239,Kropotkin,RU,2022-05-02 00:22:03,45.4375,40.5756,49.73,95,100,16.35,light rain
240,Dudinka,RU,2022-05-02 00:25:03,69.4058,86.1778,20.62,96,96,10.38,overcast clouds
241,Harwich,GB,2022-05-02 00:25:03,51.9419,1.2844,52.77,77,100,2.17,overcast clouds
242,Jatiroto,ID,2022-05-02 00:25:04,-7.8833,111.1167,77.76,85,82,2.17,broken clouds
243,Praia Da Vitoria,PT,2022-05-02 00:25:04,38.7333,-27.0667,62.85,88,75,2.53,broken clouds
244,San Patricio,US,2022-05-02 00:25:05,28.017,-97.5169,83.53,74,88,17.63,overcast clouds
245,Santa Maria,BR,2022-05-02 00:25:05,-29.6842,-53.8069,61.9,100,100,0.0,overcast clouds
246,Tadine,NC,2022-05-02 00:25:06,-21.55,167.8833,78.53,85,45,14.32,scattered clouds
247,Dalby,AU,2022-05-02 00:25:07,-27.1833,151.2667,74.98,56,56,3.0,broken clouds
248,Russell,US,2022-05-02 00:24:27,32.3502,-85.1999,76.6,75,20,4.61,few clouds
249,Bombay,IN,2022-05-02 00:21:03,19.0144,72.8479,84.18,84,40,4.61,haze
250,Dneprovskaya,RU,2022-05-02 00:25:07,45.6236,38.8081,49.91,95,100,13.15,light rain
251,Aklavik,CA,2022-05-02 00:25:08,68.2191,-135.0107,39.06,84,67,14.92,broken clouds
252,Codrington,AU,2022-05-02 00:25:09,-38.2667,141.9667,64.09,66,100,12.1,overcast clouds
253,Cockburn Town,TC,2022-05-02 00:25:09,21.4612,-71.1419,75.16,83,75,8.05,broken clouds
254,Antalaha,MG,2022-05-02 00:25:09,-14.9003,50.2788,74.62,90,36,5.7,scattered clouds
255,Dedougou,BF,2022-05-02 00:25:10,12.4667,-3.4667,90.73,36,75,3.13,broken clouds
256,Fairbanks,US,2022-05-02 00:25:03,64.8378,-147.7164,56.08,33,0,5.75,clear sky
257,Luderitz,NA,2022-05-02 00:25:11,-26.6481,15.1594,71.56,26,0,9.4,clear sky
258,Kushima,JP,2022-05-02 00:25:11,31.4583,131.2333,64.06,61,100,3.02,overcast clouds
259,Beaverlodge,CA,2022-05-02 00:24:23,55.2166,-119.4361,47.55,95,100,9.69,overcast clouds
260,Muli,MV,2022-05-02 00:25:12,2.9167,73.5667,85.28,74,97,20.92,overcast clouds
261,Salinopolis,BR,2022-05-02 00:25:13,-0.6136,-47.3561,77.31,89,82,5.97,moderate rain
262,Tuy Hoa,VN,2022-05-02 00:25:13,13.0833,109.3,78.57,90,100,4.21,overcast clouds
263,Pingdingshan,CN,2022-05-02 00:25:14,33.7385,113.3012,66.16,25,0,7.14,clear sky
264,Husavik,IS,2022-05-02 00:25:14,66.0449,-17.3389,27.57,75,100,9.26,overcast clouds
265,Olbia,IT,2022-05-02 00:25:15,40.9214,9.4856,53.65,94,0,8.05,clear sky
266,Baghdad,IQ,2022-05-02 00:25:15,33.3406,44.4009,71.51,49,0,8.05,clear sky
267,Cam Ranh,VN,2022-05-02 00:25:16,11.9214,109.1591,82.36,74,20,2.3,few clouds
268,Kapit,MY,2022-05-02 00:25:16,2.0167,112.9333,76.19,98,99,2.01,overcast clouds
269,Ormara,PK,2022-05-02 00:25:17,25.2088,64.6357,81.28,77,0,15.41,clear sky
270,Amuntai,ID,2022-05-02 00:25:17,-2.4177,115.2494,78.94,83,98,1.34,overcast clouds
271,Pimentel,PE,2022-05-02 00:25:18,-6.8367,-79.9342,66.4,86,68,13.33,broken clouds
272,Raymond Terrace,AU,2022-05-02 00:25:19,-32.75,151.75,68.0,82,75,5.75,broken clouds
273,Los Llanos De Aridane,ES,2022-05-02 00:25:19,28.6585,-17.9182,62.35,74,0,17.27,clear sky
274,Belmonte,BR,2022-05-02 00:25:20,-15.8631,-38.8828,75.96,79,0,5.57,clear sky
275,Baijiantan,CN,2022-05-02 00:25:21,45.6333,85.1833,68.2,13,81,7.87,broken clouds
276,Grand-Lahou,CI,2022-05-02 00:25:21,5.1367,-5.0242,80.76,85,58,8.77,light rain
277,Huangzhai,CN,2022-05-02 00:25:22,38.0751,112.6595,55.81,24,9,1.83,clear sky
278,Sola,VU,2022-05-02 00:26:22,-13.8833,167.55,81.27,83,100,0.0,light intensity shower rain
279,Barreirinhas,BR,2022-05-02 00:26:23,-2.7469,-42.8264,77.41,89,66,3.85,light rain
280,Poya,NC,2022-05-02 00:26:23,-21.35,165.15,82.2,70,8,3.6,clear sky
281,Muramatsu,JP,2022-05-02 00:26:24,37.6833,139.1833,52.86,74,53,5.7,broken clouds
282,Teya,RU,2022-05-02 00:26:24,60.3778,92.6267,31.8,75,100,10.83,overcast clouds
283,Qui Nhon,VN,2022-05-02 00:24:06,13.7667,109.2333,78.08,92,100,13.0,overcast clouds
284,Crestview,US,2022-05-02 00:23:56,30.7621,-86.5705,76.33,79,38,3.0,scattered clouds
285,Razole,IN,2022-05-02 00:26:25,16.4833,81.8333,80.6,93,21,3.71,few clouds
286,Grindavik,IS,2022-05-02 00:26:26,63.8424,-22.4338,39.15,81,0,4.61,clear sky
287,Palmer,US,2022-05-02 00:26:14,42.1584,-72.3287,60.4,40,20,8.05,few clouds
288,Tampayan,PH,2022-05-02 00:26:26,12.4794,122.5231,82.11,69,91,8.84,overcast clouds
289,Sao Miguel Do Araguaia,BR,2022-05-02 00:21:32,-13.275,-50.1628,76.3,55,14,1.39,few clouds
290,Okha,RU,2022-05-02 00:26:27,53.5739,142.9478,32.79,94,100,6.71,overcast clouds
291,Adrar,MR,2022-05-02 00:26:28,20.5022,-10.0711,78.28,15,0,11.48,clear sky
292,Puerto Madryn,AR,2022-05-02 00:26:28,-42.7692,-65.0385,50.61,61,100,10.92,overcast clouds
293,Victoria,HK,2022-05-02 00:26:29,22.2855,114.1577,62.65,92,100,5.99,light rain
294,Northam,GB,2022-05-02 00:26:29,51.0333,-4.2167,49.6,96,100,1.32,overcast clouds
295,Maromitsa,RU,2022-05-02 00:26:30,59.8683,48.0123,26.26,97,34,4.45,light snow
296,Soavinandriana,MG,2022-05-02 00:26:30,-19.1667,46.7333,53.46,90,14,3.85,few clouds
297,Klaksvik,FO,2022-05-02 00:23:46,62.2266,-6.589,40.12,72,89,22.91,overcast clouds
298,Liwale,TZ,2022-05-02 00:26:31,-9.7667,37.9333,65.59,85,2,6.53,clear sky
299,Washington,US,2022-05-02 00:26:31,47.5001,-120.5015,67.48,36,98,4.09,overcast clouds
300,Yulara,AU,2022-05-02 00:26:32,-25.2406,130.9889,64.24,52,100,11.5,overcast clouds
301,Westport,US,2022-05-02 00:22:02,41.1415,-73.3579,59.29,53,0,5.75,clear sky
302,Concordia,AR,2022-05-02 00:26:32,-31.393,-58.0209,58.78,69,63,4.0,broken clouds
303,Sao Sepe,BR,2022-05-02 00:26:33,-30.1606,-53.5653,57.42,94,100,3.87,overcast clouds
304,Paracatu,BR,2022-05-02 00:26:33,-17.2222,-46.8747,68.31,47,8,2.64,clear sky
305,Asheboro,US,2022-05-02 00:26:34,35.7079,-79.8136,71.35,87,0,5.75,clear sky
306,Port Hardy,CA,2022-05-02 00:25:59,50.6996,-127.4199,53.78,62,100,2.3,overcast clouds
307,Jacareacanga,BR,2022-05-02 00:26:35,-6.2222,-57.7528,75.09,93,18,2.75,few clouds
308,Simao,CN,2022-05-02 00:26:35,22.7886,100.9748,58.08,92,74,3.2,broken clouds
309,Visnes,NO,2022-05-02 00:26:36,59.3556,5.2242,43.21,93,47,2.3,scattered clouds
310,Vangaindrano,MG,2022-05-02 00:26:36,-23.35,47.6,69.21,82,23,2.39,few clouds
311,Halifax,CA,2022-05-02 00:22:00,44.6453,-63.5724,40.21,82,100,7.0,overcast clouds
312,Guerrero Negro,MX,2022-05-02 00:26:37,27.9769,-114.0611,66.0,65,0,17.98,clear sky
313,Trairi,BR,2022-05-02 00:26:37,-3.2778,-39.2689,80.51,82,46,10.07,scattered clouds
314,Leningradskiy,RU,2022-05-02 00:22:16,69.3833,178.4167,17.69,75,48,9.06,scattered clouds
315,Broken Hill,AU,2022-05-02 00:26:38,-31.95,141.4333,60.51,63,0,8.05,clear sky
316,Mercedes,AR,2022-05-02 00:26:39,-34.6515,-59.4307,53.78,71,1,6.2,clear sky
317,Puerto Del Rosario,ES,2022-05-02 00:26:39,28.5004,-13.8627,64.15,77,0,8.05,clear sky
318,Parry Sound,CA,2022-05-02 00:26:40,45.3501,-80.033,51.85,66,100,13.15,moderate rain
319,Bhopal,IN,2022-05-02 00:26:40,23.2667,77.4,80.83,39,40,3.44,scattered clouds
320,Yakeshi,CN,2022-05-02 00:26:41,49.2833,120.7333,48.09,28,99,17.27,overcast clouds
321,Kuytun,RU,2022-05-02 00:26:41,54.3419,101.5036,47.97,83,97,10.36,overcast clouds
322,Izhma,RU,2022-05-02 00:26:41,65.0083,53.9113,21.79,94,83,4.36,broken clouds
323,Wewak,PG,2022-05-02 00:26:42,-3.5534,143.6268,80.19,85,99,5.5,light rain
324,Manhush,UA,2022-05-02 00:26:42,47.0558,37.3107,48.15,62,26,11.39,scattered clouds
325,Yarim,YE,2022-05-02 00:27:43,14.298,44.3779,59.56,58,80,2.15,broken clouds
326,Sawtell,AU,2022-05-02 00:27:44,-30.3833,153.1,71.62,64,75,11.5,broken clouds
327,Luganville,VU,2022-05-02 00:27:44,-15.5333,167.1667,81.7,77,100,0.43,overcast clouds
328,Innisfail,AU,2022-05-02 00:24:24,-17.5333,146.0333,77.92,77,76,7.85,broken clouds
329,Maine-Soroa,NE,2022-05-02 00:27:45,13.2114,12.0241,89.08,28,52,4.38,broken clouds
330,Krasnoselkup,RU,2022-05-02 00:27:46,65.7,82.4667,19.54,91,63,8.1,broken clouds
331,Sakaraha,MG,2022-05-02 00:27:47,-22.9,44.5333,60.85,97,1,4.14,clear sky
332,Plouzane,FR,2022-05-02 00:27:47,48.3833,-4.6167,51.85,93,100,10.36,light rain
333,Flinders,AU,2022-05-02 00:27:48,-34.5833,150.8552,69.19,77,8,7.0,clear sky
334,Chagoda,RU,2022-05-02 00:27:49,59.164,35.3285,31.08,95,66,4.45,broken clouds
335,General Roca,AR,2022-05-02 00:27:49,-39.0333,-67.5833,51.62,50,100,7.96,overcast clouds
336,Abay,KZ,2022-05-02 00:27:50,49.6311,72.8539,44.98,65,74,8.39,broken clouds
337,Mormugao,IN,2022-05-02 00:27:51,15.4,73.8,81.54,77,70,8.03,broken clouds
338,Port Lincoln,AU,2022-05-02 00:25:12,-34.7333,135.8667,62.24,77,0,11.45,clear sky
339,Fortuna,US,2022-05-02 00:27:52,40.5982,-124.1573,61.93,73,0,12.66,clear sky
340,Zaysan,KZ,2022-05-02 00:27:52,47.4667,84.8667,62.89,27,76,5.1,broken clouds
341,Maamba,ZM,2022-05-02 00:27:53,-17.3667,27.15,63.55,64,42,1.97,scattered clouds
342,Glendive,US,2022-05-02 00:27:54,47.1053,-104.7125,58.48,34,75,8.05,broken clouds
343,Chivilcoy,AR,2022-05-02 00:27:41,-34.8957,-60.0167,49.64,68,1,7.34,clear sky
344,Canmore,CA,2022-05-02 00:24:27,51.0834,-115.3521,53.82,40,96,5.75,overcast clouds
345,Kruisfontein,ZA,2022-05-02 00:27:55,-34.0033,24.7314,49.89,89,0,3.94,clear sky
346,Navoi,UZ,2022-05-02 00:27:55,40.0844,65.3792,72.88,40,100,6.91,overcast clouds
347,Morehead,US,2022-05-02 00:27:56,37.2711,-87.1764,73.15,33,0,3.44,clear sky
348,San Policarpo,PH,2022-05-02 00:27:57,12.1791,125.5072,82.58,74,98,7.78,overcast clouds
349,Tupik,RU,2022-05-02 00:27:57,54.4253,119.9327,50.2,57,100,4.32,overcast clouds
350,Xinxiang,CN,2022-05-02 00:27:58,35.3089,113.8672,67.17,24,0,3.69,clear sky
351,Ribeira Grande,PT,2022-05-02 00:27:58,38.5167,-28.7,62.44,83,21,3.15,few clouds
352,Jiamusi,CN,2022-05-02 00:27:59,46.8333,130.35,47.52,62,97,7.36,overcast clouds
353,Vardo,NO,2022-05-02 00:28:00,70.3705,31.1107,27.86,66,94,5.55,overcast clouds
354,Pedreiras,BR,2022-05-02 00:28:00,-4.5688,-44.6003,75.18,91,90,2.75,overcast clouds
355,Pasighat,IN,2022-05-02 00:28:01,28.0667,95.3333,71.13,77,86,2.8,overcast clouds
356,Guasdualito,VE,2022-05-02 00:28:01,7.2424,-70.7324,82.4,74,20,2.3,few clouds
357,Homer,US,2022-05-02 00:28:02,59.6425,-151.5483,46.29,69,100,16.11,light rain
358,Sajalices,PA,2022-05-02 00:28:03,8.6834,-79.8707,81.7,83,99,2.48,overcast clouds
359,Kodiak,US,2022-05-02 00:28:03,57.79,-152.4072,45.91,71,100,16.11,overcast clouds
360,Robertsport,LR,2022-05-02 00:28:04,6.7533,-11.3686,81.37,82,100,5.03,moderate rain
361,Clarence Town,AU,2022-05-02 00:28:04,-32.5833,151.7833,70.81,67,3,2.64,clear sky
362,Pambuhan,PH,2022-05-02 00:28:05,13.9736,123.0837,82.15,71,98,3.4,overcast clouds
363,Bayir,TR,2022-05-02 00:28:05,37.2687,28.2167,52.32,66,83,3.85,broken clouds
364,Taonan,CN,2022-05-02 00:28:06,45.3333,122.7833,50.22,44,9,5.93,clear sky
365,Bachaquero,VE,2022-05-02 00:28:06,9.9694,-71.1494,83.26,77,77,4.03,broken clouds
366,Yanam,IN,2022-05-02 00:28:07,16.7333,82.2167,78.4,97,43,1.41,scattered clouds
367,Cabo San Lucas,MX,2022-05-02 00:23:23,22.8909,-109.9124,87.1,25,0,13.8,clear sky
368,Longyearbyen,SJ,2022-05-02 00:28:08,78.2186,15.6401,12.04,67,75,3.44,broken clouds
369,Kranjska Gora,SI,2022-05-02 00:28:08,46.4839,13.7894,49.01,97,100,2.37,light rain
370,Genhe,CN,2022-05-02 00:28:09,50.7833,121.5167,46.6,36,100,12.73,overcast clouds
371,Oksfjord,NO,2022-05-02 00:28:09,70.2396,22.3479,32.07,89,96,6.62,light snow
372,Pangnirtung,CA,2022-05-02 00:29:10,66.1451,-65.7125,27.73,97,100,5.06,light snow
373,Arman,RU,2022-05-02 00:29:10,59.7,150.1667,44.02,77,43,4.32,scattered clouds
374,Eagle Pass,US,2022-05-02 00:26:32,28.7091,-100.4995,88.65,53,40,9.22,scattered clouds
375,Grahamstown,ZA,2022-05-02 00:29:11,-33.3042,26.5328,49.95,91,0,3.89,clear sky
376,Hami,CN,2022-05-02 00:29:11,42.8,93.45,62.89,11,2,6.73,clear sky
377,Erzin,TR,2022-05-02 00:29:12,36.9559,36.2,61.75,96,90,4.81,overcast clouds
378,Jinka,ET,2022-05-02 00:29:12,5.65,36.65,62.11,94,98,3.56,light rain
379,Bongor,TD,2022-05-02 00:29:13,10.2806,15.3722,89.47,40,79,7.92,broken clouds
380,Sao Filipe,CV,2022-05-02 00:29:13,14.8961,-24.4956,72.59,75,0,8.72,clear sky
381,Cascais,PT,2022-05-02 00:29:14,38.6979,-9.4215,59.47,69,23,24.0,few clouds
382,Vostok,RU,2022-05-02 00:29:14,46.4856,135.8833,38.7,64,99,4.45,overcast clouds
383,Gloversville,US,2022-05-02 00:28:56,43.0528,-74.3438,58.08,30,0,4.61,clear sky
384,Ostersund,SE,2022-05-02 00:29:15,63.1792,14.6357,39.65,65,20,9.22,few clouds
385,Nome,US,2022-05-02 00:29:15,64.5011,-165.4064,44.67,57,0,23.02,clear sky
386,Quatre Cocos,MU,2022-05-02 00:29:16,-20.2078,57.7625,73.09,84,4,3.65,clear sky
387,Gagret,IN,2022-05-02 00:29:16,31.6667,76.0667,77.76,25,2,5.93,clear sky
388,Moroto,UG,2022-05-02 00:29:17,2.5345,34.6666,65.68,88,90,0.78,moderate rain
389,Richards Bay,ZA,2022-05-02 00:29:17,-28.783,32.0377,61.52,80,0,6.82,clear sky
390,Porto Novo,BJ,2022-05-02 00:29:17,6.4965,2.6036,80.53,84,100,3.87,light rain
391,Pacific Grove,US,2022-05-02 00:28:23,36.6177,-121.9166,75.54,73,0,9.22,clear sky
392,Tiznit,MA,2022-05-02 00:29:18,29.5833,-9.5,63.1,44,0,2.68,clear sky
393,Buala,SB,2022-05-02 00:29:18,-8.145,159.5921,84.11,72,99,4.85,light rain
394,Digha,IN,2022-05-02 00:29:19,21.6833,87.55,80.91,88,21,16.44,few clouds
395,Cody,US,2022-05-02 00:29:19,44.5263,-109.0565,47.91,70,100,6.91,overcast clouds
396,Cap Malheureux,MU,2022-05-02 00:29:20,-19.9842,57.6142,73.47,81,3,7.38,clear sky
397,Ekhabi,RU,2022-05-02 00:29:20,53.5102,142.9671,32.7,96,100,6.96,overcast clouds
398,Beringovskiy,RU,2022-05-02 00:29:21,63.05,179.3167,18.88,76,64,15.61,broken clouds
399,Okato,NZ,2022-05-02 00:29:21,-39.2,173.8833,67.17,80,100,11.99,overcast clouds
400,Celestun,MX,2022-05-02 00:29:22,20.8667,-90.4,82.06,69,54,16.37,broken clouds
401,Saint-Augustin,CA,2022-05-02 00:29:22,51.226,-58.6502,33.53,84,100,19.8,snow
402,Pochutla,MX,2022-05-02 00:29:23,15.7432,-96.4661,84.02,55,93,5.86,overcast clouds
403,Saint-Leu,RE,2022-05-02 00:29:23,-21.15,55.2833,74.26,77,5,5.46,clear sky
404,Najran,SA,2022-05-02 00:29:24,17.4924,44.1277,74.05,31,3,2.1,clear sky
405,Burnie,AU,2022-05-02 00:29:24,-41.0667,145.9167,61.95,78,98,12.62,overcast clouds
406,Mount Isa,AU,2022-05-02 00:29:25,-20.7333,139.5,78.57,53,10,9.22,clear sky
407,Almeria,ES,2022-05-02 00:26:09,37.1667,-2.3333,59.43,54,96,5.12,overcast clouds
408,Saint Anthony,US,2022-05-02 00:29:25,45.0205,-93.218,44.92,86,100,16.11,overcast clouds
409,Weligama,LK,2022-05-02 00:29:26,5.9667,80.4167,79.39,89,95,11.54,overcast clouds
410,Cabedelo,BR,2022-05-02 00:29:26,-6.9811,-34.8339,77.67,83,19,9.78,few clouds
411,Rodrigues Alves,BR,2022-05-02 00:29:27,-7.738,-72.6509,77.92,77,66,2.51,broken clouds
412,Bandarbeyla,SO,2022-05-02 00:29:27,9.4942,50.8122,82.81,81,47,8.32,scattered clouds
413,Kortkeros,RU,2022-05-02 00:29:28,61.8106,51.5806,28.4,84,97,5.21,overcast clouds
414,Shenjiamen,CN,2022-05-02 00:29:28,29.9576,122.298,58.46,81,97,6.35,overcast clouds
415,Pangkalanbuun,ID,2022-05-02 00:29:29,-2.6833,111.6167,78.28,91,35,3.22,scattered clouds
416,Rolla,US,2022-05-02 00:29:29,37.9514,-91.7713,69.94,34,0,10.36,clear sky
417,Port Augusta,AU,2022-05-02 00:30:30,-32.5,137.7667,67.26,41,0,3.15,clear sky
418,Aguilas,ES,2022-05-02 00:30:31,37.4063,-1.5829,65.98,66,90,3.29,overcast clouds
419,Shimoda,JP,2022-05-02 00:30:31,34.6667,138.95,59.36,73,100,8.41,overcast clouds
420,Villa Rica,US,2022-05-02 00:30:32,33.7321,-84.9191,76.6,78,78,2.15,broken clouds
421,Cartagena Del Chaira,CO,2022-05-02 00:30:32,1.3349,-74.8429,71.47,94,99,1.19,overcast clouds
422,Dakar,SN,2022-05-02 00:30:33,14.6937,-17.4441,68.88,94,75,6.91,mist
423,Tezu,IN,2022-05-02 00:30:34,27.9167,96.1667,77.7,59,100,1.1,overcast clouds
424,Whitehorse,CA,2022-05-02 00:29:32,60.7161,-135.0538,46.09,82,100,13.8,light rain
425,Arlit,NE,2022-05-02 00:30:34,18.7369,7.3853,83.25,12,31,9.82,scattered clouds
426,Belmont,US,2022-05-02 00:28:00,37.5202,-122.2758,78.01,48,20,27.63,few clouds
427,Aguimes,ES,2022-05-02 00:30:35,27.9054,-15.4461,63.66,63,20,19.57,few clouds
428,Spisska Nova Ves,SK,2022-05-02 00:30:36,48.9446,20.5615,49.95,83,96,2.04,overcast clouds
429,Havoysund,NO,2022-05-02 00:30:36,70.9963,24.6622,28.63,82,99,25.9,overcast clouds
430,Kaili,ID,2022-05-02 00:30:37,-3.4626,120.2147,77.14,71,20,2.48,few clouds
431,Cheney,US,2022-05-02 00:30:38,47.4874,-117.5758,59.34,53,100,9.22,overcast clouds
432,El Sauzal,MX,2022-05-02 00:30:39,31.9,-116.6833,61.41,76,26,6.2,scattered clouds
433,Naze,JP,2022-05-02 00:30:39,28.3667,129.4833,65.32,56,100,9.06,overcast clouds
434,Mayor Pablo Lagerenza,PY,2022-05-02 00:30:40,-19.9309,-60.7718,74.08,67,56,6.42,broken clouds
435,Goldsboro,US,2022-05-02 00:27:42,35.3849,-77.9928,76.91,48,75,5.75,broken clouds
436,Skelleftea,SE,2022-05-02 00:30:41,64.7507,20.9528,44.01,55,20,13.8,few clouds
437,Kahului,US,2022-05-02 00:30:41,20.8947,-156.47,80.62,73,40,20.71,scattered clouds
438,Kheralu,IN,2022-05-02 00:30:42,23.8833,72.6167,79.66,64,13,5.79,few clouds
439,Abha,SA,2022-05-02 00:30:42,18.2164,42.5053,64.22,63,0,6.91,clear sky
440,Talnakh,RU,2022-05-02 00:30:43,69.4865,88.3972,20.21,94,100,7.65,light snow
441,Kirkwood,US,2022-05-02 00:27:30,38.5834,-90.4068,70.72,42,20,16.11,few clouds
442,Samarai,PG,2022-05-02 00:30:43,-10.6167,150.6667,82.94,74,62,8.63,broken clouds
443,Troy,US,2022-05-02 00:26:46,42.6056,-83.1499,60.73,62,100,13.8,overcast clouds
444,Turbat,PK,2022-05-02 00:30:44,26.0023,63.044,78.35,58,0,1.28,clear sky
445,Tessalit,ML,2022-05-02 00:30:44,20.1986,1.0114,74.53,17,0,8.77,clear sky
446,Banda Aceh,ID,2022-05-02 00:30:45,5.5577,95.3222,82.31,76,100,11.27,overcast clouds
447,Pasaje,EC,2022-05-02 00:30:45,-3.3333,-79.8167,78.51,91,97,0.81,overcast clouds
448,Orlik,RU,2022-05-02 00:30:46,52.5178,99.825,48.34,45,92,3.29,overcast clouds
449,College,US,2022-05-02 00:30:17,64.8569,-147.8028,55.58,35,75,5.75,broken clouds
450,Ust-Kan,RU,2022-05-02 00:30:46,50.9276,84.761,53.11,46,100,7.16,overcast clouds
451,Bobcaygeon,CA,2022-05-02 00:27:25,44.5462,-78.542,58.28,74,100,11.39,overcast clouds
452,Srandakan,ID,2022-05-02 00:30:47,-7.9386,110.2506,82.11,80,99,3.09,overcast clouds
453,Mokhsogollokh,RU,2022-05-02 00:30:48,61.4681,128.9203,34.07,96,100,9.64,snow
454,Kamina,CD,2022-05-02 00:30:48,-8.7386,24.9906,64.62,93,100,2.42,overcast clouds
455,Caravelas,BR,2022-05-02 00:30:49,-17.7125,-39.2481,74.03,81,0,5.19,clear sky
456,Mbandaka,CD,2022-05-02 00:30:49,0.0487,18.2603,70.57,96,100,2.68,light rain
457,Katete,UG,2022-05-02 00:30:50,-0.7818,29.7544,58.53,93,100,3.09,overcast clouds
458,Xam Nua,LA,2022-05-02 00:30:50,20.4197,104.0439,61.14,80,96,2.8,overcast clouds
459,Acapulco,MX,2022-05-02 00:30:51,16.8634,-99.8901,84.02,65,75,10.36,broken clouds
460,Bonfim,BR,2022-05-02 00:30:51,3.0833,-59.95,80.1,61,41,9.37,scattered clouds
461,Sheksna,RU,2022-05-02 00:31:52,59.21,38.5107,30.88,95,71,3.31,broken clouds
462,Taree,AU,2022-05-02 00:31:53,-31.9,152.4667,71.11,82,40,4.61,scattered clouds
463,Chernyshevskiy,RU,2022-05-02 00:31:53,63.0128,112.4714,24.28,68,0,6.98,clear sky
464,Mayya,RU,2022-05-02 00:31:54,61.7333,130.2811,45.72,65,100,11.68,overcast clouds
465,Borba,BR,2022-05-02 00:31:55,-4.3878,-59.5939,74.55,97,89,2.42,overcast clouds
466,San Clemente,US,2022-05-02 00:28:59,33.427,-117.612,72.16,74,26,10.0,scattered clouds
467,Dongsheng,CN,2022-05-02 00:31:56,39.8161,109.9776,59.49,12,9,16.13,clear sky
468,Gobabis,NA,2022-05-02 00:31:56,-22.45,18.9667,58.3,38,0,11.36,clear sky
469,Presque Isle,US,2022-05-02 00:31:57,46.6811,-68.0159,48.63,64,0,4.61,clear sky
470,Bonthe,SL,2022-05-02 00:31:58,7.5264,-12.505,80.8,84,26,5.28,scattered clouds
471,Matara,LK,2022-05-02 00:31:58,5.9485,80.5353,79.2,89,95,10.31,overcast clouds
472,Sinop,TR,2022-05-02 00:31:59,41.7711,34.8709,43.25,86,8,2.82,clear sky
473,Puerto Penasco,MX,2022-05-02 00:32:00,31.3167,-113.5333,73.9,69,0,15.01,clear sky
474,Nouadhibou,MR,2022-05-02 00:32:00,20.931,-17.0347,67.98,83,0,13.8,clear sky
475,Kabanjahe,ID,2022-05-02 00:32:01,3.1001,98.4908,68.05,86,89,2.53,overcast clouds
476,Oneonta,US,2022-05-02 00:32:01,42.4529,-75.0638,51.24,72,100,4.36,overcast clouds
477,Saryozek,KZ,2022-05-02 00:32:02,44.3583,77.9753,66.07,37,100,8.25,overcast clouds
478,Freeport,US,2022-05-02 00:32:03,40.6576,-73.5832,59.41,58,0,10.36,clear sky
479,Soe,ID,2022-05-02 00:32:04,-9.8607,124.284,77.61,61,35,7.56,scattered clouds
480,Changde,CN,2022-05-02 00:32:04,29.0464,111.6783,64.35,67,100,5.66,overcast clouds
481,Henties Bay,NA,2022-05-02 00:32:05,-22.116,14.2845,62.76,69,0,8.66,clear sky
482,Biak,ID,2022-05-02 00:32:06,-0.9131,122.8766,82.6,70,30,5.06,scattered clouds
483,Rio Cuarto,AR,2022-05-02 00:32:06,-33.1307,-64.3499,54.48,62,40,8.05,scattered clouds
484,Selenginsk,RU,2022-05-02 00:32:07,52.0064,106.8647,50.41,43,93,3.47,overcast clouds
485,Yonezawa,JP,2022-05-02 00:32:08,37.9167,140.1167,56.12,61,66,9.31,broken clouds
486,Vao,NC,2022-05-02 00:32:08,-22.6667,167.4833,75.4,87,7,19.42,clear sky
487,Socoltenango,MX,2022-05-02 00:32:09,16.2167,-92.25,73.26,52,100,10.56,overcast clouds
488,Nara,JP,2022-05-02 00:32:10,34.6851,135.8049,62.96,40,100,4.32,overcast clouds
489,Puerto El Triunfo,SV,2022-05-02 00:32:10,13.2833,-88.55,86.92,76,83,5.7,broken clouds
490,Znamenskoye,RU,2022-05-02 00:32:11,57.1281,73.8282,34.3,90,100,3.94,overcast clouds
491,Sechura,PE,2022-05-02 00:32:12,-5.5569,-80.8222,68.85,78,60,16.22,broken clouds
492,Suleja,NG,2022-05-02 00:32:12,9.1758,7.1808,76.12,71,100,3.76,overcast clouds
493,Huambo,AO,2022-05-02 00:32:13,-12.7761,15.7392,59.88,65,97,2.59,overcast clouds
494,Port-Gentil,GA,2022-05-02 00:32:13,-0.7193,8.7815,81.18,79,100,8.81,light rain
495,Qaqortoq,GL,2022-05-02 00:32:14,60.7167,-46.0333,36.64,88,100,0.65,overcast clouds
496,Prieska,ZA,2022-05-02 00:32:14,-29.6641,22.7474,58.98,38,0,3.62,clear sky
497,Carbonia,IT,2022-05-02 00:32:15,39.1672,8.5222,54.25,90,10,5.21,clear sky
498,Shitanjing,CN,2022-05-02 00:32:15,39.2342,106.3439,59.07,12,5,13.8,clear sky
499,Los Andes,CL,2022-05-02 00:32:16,-32.8337,-70.5983,56.01,56,25,0.92,scattered clouds
500,Granard,IE,2022-05-02 00:32:16,53.7667,-7.5,48.51,97,100,1.74,overcast clouds
501,Kiruna,SE,2022-05-02 00:32:17,67.8557,20.2251,34.72,80,75,18.41,broken clouds
502,Copala,MX,2022-05-02 00:32:17,16.65,-98.9833,80.64,56,100,3.62,overcast clouds
503,Rocha,UY,2022-05-02 00:31:26,-34.4833,-54.3333,56.17,62,99,9.08,overcast clouds
504,Abu Dhabi,AE,2022-05-02 00:30:01,24.4667,54.3667,78.96,58,0,6.91,clear sky
505,Warrensburg,US,2022-05-02 00:32:18,38.7628,-93.7361,68.07,33,0,9.22,clear sky
506,Narsaq,GL,2022-05-02 00:33:18,60.9167,-46.05,41.22,80,100,1.72,overcast clouds
507,Yabrud,SY,2022-05-02 00:33:19,33.9674,36.6574,53.76,47,0,4.56,clear sky
508,Luanda,AO,2022-05-02 00:32:11,-8.8368,13.2343,78.8,89,75,2.3,broken clouds
509,Creemore,CA,2022-05-02 00:33:20,44.327,-80.1075,50.32,92,100,5.75,overcast clouds
510,Priyutovo,RU,2022-05-02 00:33:20,53.9,53.9333,32.34,60,0,3.91,clear sky
511,Marzuq,YE,2022-05-02 00:33:20,14.4,46.4667,75.38,50,23,2.01,few clouds
512,Kirakira,SB,2022-05-02 00:33:21,-10.4544,161.9205,82.45,79,100,8.84,light rain
513,Contamana,PE,2022-05-02 00:33:22,-7.3333,-75.0167,80.96,65,97,2.62,overcast clouds
514,Plettenberg Bay,ZA,2022-05-02 00:33:22,-34.0527,23.3716,57.67,80,0,4.29,clear sky
515,Ust-Tsilma,RU,2022-05-02 00:33:23,65.441,52.1498,22.89,94,100,4.63,overcast clouds
516,Tuatapere,NZ,2022-05-02 00:33:23,-46.1333,167.6833,61.14,67,7,7.4,clear sky
517,Filadelfia,US,2022-05-02 00:31:18,39.9523,-75.1638,59.29,72,75,9.22,broken clouds
518,Aswan,EG,2022-05-02 00:33:24,24.0934,32.907,81.7,14,0,5.75,clear sky
519,Kandrian,PG,2022-05-02 00:33:24,-6.2167,149.55,85.26,68,2,5.37,light rain
520,Sao Geraldo Do Araguaia,BR,2022-05-02 00:33:25,-6.4006,-48.555,78.03,79,92,0.56,overcast clouds
521,Necochea,AR,2022-05-02 00:33:25,-38.5473,-58.7368,51.69,61,100,8.43,overcast clouds
522,Batagay-Alyta,RU,2022-05-02 00:33:26,67.8006,130.4114,20.75,93,100,10.2,light snow
523,Bogalusa,US,2022-05-02 00:33:26,30.791,-89.8487,80.65,69,40,0.0,scattered clouds
524,Mehkar,IN,2022-05-02 00:33:27,20.1508,76.569,83.05,40,55,14.9,broken clouds
525,Mitu,CO,2022-05-02 00:33:27,1.1983,-70.1733,72.12,94,27,0.76,scattered clouds
526,Yoichi,JP,2022-05-02 00:33:28,43.2039,140.7703,48.81,56,65,7.47,broken clouds
527,Marsa Matruh,EG,2022-05-02 00:33:28,31.3525,27.2453,66.4,88,0,13.8,clear sky
528,Inverell,AU,2022-05-02 00:33:29,-29.7833,151.1167,73.67,55,0,5.01,clear sky
529,Tura,IN,2022-05-02 00:33:29,25.5198,90.2201,72.46,90,47,5.14,scattered clouds
530,Port Keats,AU,2022-05-02 00:33:30,-14.25,129.55,86.58,46,72,13.73,broken clouds
531,Blagoyevo,RU,2022-05-02 00:33:30,63.3667,47.9167,24.33,90,52,5.53,broken clouds
532,Jiwani,PK,2022-05-02 00:33:31,25.05,61.7417,83.03,70,0,23.87,clear sky
533,Vanavara,RU,2022-05-02 00:33:31,60.34,102.2797,31.66,54,100,7.54,overcast clouds
534,Jackson,US,2022-05-02 00:28:47,42.4165,-122.8345,73.02,39,0,0.0,clear sky
535,Waghai,IN,2022-05-02 00:33:32,20.7667,73.4833,79.0,84,4,4.18,clear sky
536,Hobyo,SO,2022-05-02 00:33:32,5.3505,48.5268,83.95,73,100,17.31,light rain
537,Sitka,US,2022-05-02 00:33:33,57.0531,-135.33,48.09,71,100,14.97,overcast clouds
538,Grand Gaube,MU,2022-05-02 00:33:33,-20.0064,57.6608,73.38,81,3,7.72,clear sky
539,Ambulu,ID,2022-05-02 00:33:34,-8.345,113.6058,81.7,78,78,2.04,broken clouds
540,Geilo,NO,2022-05-02 00:33:34,60.5333,8.2076,34.7,90,100,9.01,overcast clouds
541,Maldonado,UY,2022-05-02 00:32:15,-34.6667,-54.9167,57.22,64,93,11.77,overcast clouds
542,Portland,US,2022-05-02 00:33:13,45.5234,-122.6762,67.78,52,100,3.44,overcast clouds
543,Sambava,MG,2022-05-02 00:33:35,-14.2667,50.1667,77.2,85,75,7.81,broken clouds
544,Okhotsk,RU,2022-05-02 00:32:15,59.3833,143.3,36.52,81,44,8.86,scattered clouds
545,San Joaquin,US,2022-05-02 00:33:36,37.9333,-121.3011,82.47,14,0,17.27,clear sky
546,Paragominas,BR,2022-05-02 00:33:36,-2.9667,-47.4833,73.33,97,100,3.02,heavy intensity rain
547,Comodoro Rivadavia,AR,2022-05-02 00:33:37,-45.8667,-67.5,48.06,87,20,3.44,few clouds
548,Taltal,CL,2022-05-02 00:33:37,-25.4,-70.4833,60.75,82,29,3.4,scattered clouds
549,Ponta Delgada,PT,2022-05-02 00:33:37,37.7333,-25.6667,66.51,82,75,3.44,broken clouds
550,Point Pedro,LK,2022-05-02 00:33:38,9.8167,80.2333,84.2,81,99,7.94,overcast clouds
551,Masuda,JP,2022-05-02 00:34:38,34.6667,131.85,64.67,45,20,12.66,few clouds
552,San Quintin,MX,2022-05-02 00:34:39,30.4833,-115.95,61.97,72,0,14.99,clear sky
553,Kahta,TR,2022-05-02 00:34:39,37.7855,38.6237,56.57,71,0,6.51,clear sky
554,Viedma,AR,2022-05-02 00:34:39,-40.8135,-62.9967,48.76,77,100,6.8,light rain
555,Jati,PK,2022-05-02 00:34:40,24.3539,68.2671,82.45,62,0,15.26,clear sky
556,Karuzi,BI,2022-05-02 00:34:41,-3.125,30.1333,59.13,96,100,1.81,overcast clouds
557,Asau,RO,2022-05-02 00:34:41,46.4333,26.4,43.95,99,75,2.95,broken clouds
558,Meulaboh,ID,2022-05-02 00:32:46,4.1363,96.1285,77.88,87,91,3.65,overcast clouds
559,Faya,SA,2022-05-02 00:34:42,18.3851,42.4509,64.51,55,100,2.04,overcast clouds
560,Chachapoyas,PE,2022-05-02 00:34:42,-6.2317,-77.869,52.7,97,30,2.55,scattered clouds
561,Kudahuvadhoo,MV,2022-05-02 00:33:56,2.6708,72.8944,85.41,74,84,21.74,broken clouds
562,Gorur,IN,2022-05-02 00:34:43,12.8194,76.0717,68.63,91,76,5.82,broken clouds
563,Eureka,US,2022-05-02 00:34:43,40.8021,-124.1637,62.2,74,2,5.99,clear sky
564,Playas,EC,2022-05-02 00:34:44,-2.6333,-80.3833,73.47,86,68,8.39,broken clouds
565,Tommot,RU,2022-05-02 00:34:44,58.9564,126.2925,35.62,76,98,14.94,overcast clouds
566,La Rioja,ES,2022-05-02 00:34:45,42.25,-2.5,42.58,80,100,3.04,overcast clouds
567,Manggar,ID,2022-05-02 00:34:45,-2.8833,108.2667,84.54,76,100,7.07,overcast clouds
568,La Concordia,NI,2022-05-02 00:34:45,13.1953,-86.1667,72.55,81,100,1.05,overcast clouds
569,Santa Cruz,BO,2022-05-02 00:32:50,-17.8,-63.1667,74.66,83,20,6.91,few clouds
570,Tecpan,GT,2022-05-02 00:34:46,14.7623,-90.9947,63.9,67,100,2.66,overcast clouds
571,Santiago Del Estero,AR,2022-05-02 00:34:47,-27.7951,-64.2615,61.75,45,100,3.02,overcast clouds
572,Varkaus,FI,2022-05-02 00:34:47,62.3153,27.873,31.3,84,100,7.29,overcast clouds
573,Dunedin,NZ,2022-05-02 00:32:27,-45.8742,170.5036,63.46,58,3,1.61,clear sky
574,San Cristobal,VE,2022-05-02 00:34:48,7.7669,-72.225,78.98,95,94,3.18,overcast clouds
575,Eyl,SO,2022-05-02 00:34:48,7.9803,49.8164,83.34,74,100,7.09,light rain
576,Pionerskiy,RU,2022-05-02 00:34:49,54.9508,20.2275,39.04,83,3,5.41,clear sky
577,Divnogorsk,RU,2022-05-02 00:34:49,55.9594,92.3619,41.74,88,100,4.9,overcast clouds
578,Greenfield,US,2022-05-02 00:29:53,42.9614,-88.0126,49.95,78,100,16.11,overcast clouds
579,Ejura,GH,2022-05-02 00:34:50,7.3856,-1.3562,76.19,81,83,3.29,broken clouds
580,Sobolevo,RU,2022-05-02 00:34:50,54.4299,31.8996,39.24,85,94,4.76,overcast clouds
581,Circleville,US,2022-05-02 00:34:51,39.6006,-82.946,70.38,28,0,9.22,clear sky
582,Maloy,NO,2022-05-02 00:34:51,61.9353,5.1136,46.13,83,100,23.09,overcast clouds
583,Barcelos,PT,2022-05-02 00:34:52,41.5388,-8.6151,55.92,95,54,2.44,broken clouds
584,Port Moresby,PG,2022-05-02 00:34:52,-9.4431,147.1797,81.82,74,40,5.75,haze
585,Kyrksaeterora,NO,2022-05-02 00:34:52,63.2906,9.0891,41.23,93,100,17.96,light rain
586,Khorinsk,RU,2022-05-02 00:34:53,52.1657,109.7726,61.47,37,100,4.76,overcast clouds
587,Erenhot,CN,2022-05-02 00:34:53,43.6475,111.9767,60.17,28,73,7.65,broken clouds
588,Hamilton,US,2022-05-02 00:34:54,39.1834,-84.5333,71.04,38,0,13.8,clear sky
589,Ridgecrest,US,2022-05-02 00:34:42,35.6225,-117.6709,87.66,10,0,7.0,clear sky
590,Aktash,RU,2022-05-02 00:34:54,50.3,87.7333,41.29,39,100,5.23,overcast clouds
591,Ayacucho,PE,2022-05-02 00:34:55,-13.1583,-74.2239,57.07,79,99,3.62,overcast clouds
592,Bom Jesus,BR,2022-05-02 00:34:55,-9.0744,-44.3586,82.38,38,91,3.02,overcast clouds
593,Lagoa,PT,2022-05-02 00:34:56,39.05,-27.9833,60.96,82,9,2.75,clear sky
594,Hofn,IS,2022-05-02 00:34:56,64.2539,-15.2082,34.45,60,100,13.18,overcast clouds
595,Margate,GB,2022-05-02 00:34:57,51.3813,1.3862,51.31,72,100,1.99,overcast clouds
596,Baykit,RU,2022-05-02 00:34:57,61.67,96.37,32.5,66,100,6.82,overcast clouds
597,Smoky Lake,CA,2022-05-02 00:30:33,54.1169,-112.4686,48.92,57,100,13.8,overcast clouds
598,Grand Forks,US,2022-05-02 00:34:58,47.9417,-97.4337,42.53,81,100,25.32,overcast clouds
599,La Sarre,CA,2022-05-02 00:30:05,48.8002,-79.1996,48.22,74,100,11.61,overcast clouds
600,Lima,PE,2022-05-02 00:30:41,-12.0432,-77.0282,64.65,52,0,12.66,clear sky
601,Xintai,CN,2022-05-02 00:35:59,35.9006,117.7519,71.15,23,0,6.91,clear sky
602,Kaduqli,SD,2022-05-02 00:35:59,11.0167,29.7167,84.58,29,100,3.65,overcast clouds
603,Manavalakurichi,IN,2022-05-02 00:35:59,8.1333,77.3,79.05,80,100,12.17,overcast clouds
604,Kushiro,JP,2022-05-02 00:35:46,42.975,144.3747,45.55,100,75,5.75,broken clouds
605,Teguldet,RU,2022-05-02 00:36:00,57.3064,88.1667,40.62,87,100,9.08,overcast clouds
606,Mizdah,LY,2022-05-02 00:36:01,31.4451,12.9801,52.7,85,0,13.35,clear sky
607,Phonhong,LA,2022-05-02 00:36:01,18.5007,102.4166,72.03,85,100,2.13,overcast clouds
608,Mackay,AU,2022-05-02 00:35:25,-21.15,149.2,80.69,78,100,16.11,overcast clouds
609,Ghanzi,BW,2022-05-02 00:36:02,-21.5667,21.7833,65.07,48,49,12.08,scattered clouds
610,Susanville,US,2022-05-02 00:36:02,40.4163,-120.653,65.66,28,0,8.01,clear sky
611,Paso De Los Toros,UY,2022-05-02 00:36:03,-32.8167,-56.5167,48.79,77,100,10.74,overcast clouds
612,Dunmore East,IE,2022-05-02 00:36:03,52.1514,-6.9861,50.22,80,26,5.97,scattered clouds
613,Monrovia,LR,2022-05-02 00:36:04,6.3005,-10.7969,80.47,82,100,8.12,moderate rain
614,Bathsheba,BB,2022-05-02 00:36:04,13.2167,-59.5167,79.48,75,100,14.76,overcast clouds
615,Paita,PE,2022-05-02 00:36:05,-5.0892,-81.1144,67.93,83,83,13.44,broken clouds
616,Port Macquarie,AU,2022-05-02 00:36:05,-31.4333,152.9167,71.89,57,63,3.47,broken clouds
617,Wilhelmshaven,DE,2022-05-02 00:36:06,53.5167,8.1333,42.98,79,16,1.83,few clouds
618,Lavrentiya,RU,2022-05-02 00:36:07,65.5833,-171.0,18.9,73,11,11.5,few clouds
619,Piacabucu,BR,2022-05-02 00:35:25,-10.4056,-36.4344,77.58,73,40,7.61,scattered clouds
620,Port Hawkesbury,CA,2022-05-02 00:35:23,45.6169,-61.3485,37.18,96,100,9.22,overcast clouds
621,Nawashahr,IN,2022-05-02 00:36:07,31.1167,76.1333,81.63,27,0,6.13,clear sky
622,Zaria,NG,2022-05-02 00:36:08,11.1113,7.7227,78.22,54,100,6.42,overcast clouds
623,Kurilsk,RU,2022-05-02 00:36:08,45.2333,147.8833,38.95,81,100,20.15,very heavy rain
624,Luchenza,MW,2022-05-02 00:36:09,-16.0069,35.3095,60.08,98,75,4.76,broken clouds
625,Ewa Beach,US,2022-05-02 00:34:43,21.3156,-158.0072,84.15,56,40,21.85,scattered clouds
626,Careiro Da Varzea,BR,2022-05-02 00:36:09,-3.2003,-59.8119,79.41,94,100,3.87,overcast clouds
627,Madera,US,2022-05-02 00:32:43,37.1666,-119.8343,79.0,34,0,9.86,clear sky
628,Copiapo,CL,2022-05-02 00:36:10,-27.3667,-70.3333,51.49,70,0,2.46,clear sky
629,Villa Guerrero,MX,2022-05-02 00:36:11,18.8667,-99.65,85.62,25,82,6.04,broken clouds
630,Riyadh,SA,2022-05-02 00:32:58,24.6877,46.7219,78.94,19,0,6.8,clear sky
631,Catalina,US,2022-05-02 00:36:12,32.5056,-110.9211,88.83,7,0,10.0,clear sky
632,Laramie,US,2022-05-02 00:36:13,41.3114,-105.5911,49.53,43,100,21.85,overcast clouds
633,Oktyabrskiy,RU,2022-05-02 00:36:14,54.4815,53.471,32.77,63,2,4.07,clear sky
634,Chimoio,MZ,2022-05-02 00:36:14,-19.1164,33.4833,58.21,95,0,6.76,clear sky
635,Maceio,BR,2022-05-02 00:31:45,-9.6658,-35.7353,76.44,88,75,1.14,broken clouds
636,Malindi,KE,2022-05-02 00:36:15,-3.2175,40.1191,78.64,85,81,16.46,moderate rain
637,Adeje,ES,2022-05-02 00:36:15,28.1227,-16.726,65.28,64,0,11.5,clear sky
638,Eldama Ravine,KE,2022-05-02 00:36:16,0.0516,35.7308,54.55,92,100,4.18,overcast clouds
639,Prince Rupert,CA,2022-05-02 00:35:09,54.3161,-130.3201,46.49,87,100,27.63,light rain
640,San Francisco Del Mar,MX,2022-05-02 00:36:17,16.2333,-94.65,83.84,70,99,9.31,overcast clouds
641,Mogadishu,SO,2022-05-02 00:36:17,2.0371,45.3438,81.7,80,91,13.47,moderate rain
642,Sawang Daen Din,TH,2022-05-02 00:36:18,17.4753,103.4575,77.11,99,98,9.82,overcast clouds
643,Parabel,RU,2022-05-02 00:33:17,58.6978,81.4825,32.49,100,100,7.52,snow
644,Marsh Harbour,BS,2022-05-02 00:36:18,26.5412,-77.0636,74.46,78,30,17.83,scattered clouds
645,Sorland,NO,2022-05-02 00:37:19,67.667,12.6934,36.61,73,100,23.2,light rain
646,Pahrump,US,2022-05-02 00:37:19,36.2083,-115.9839,76.95,11,0,14.0,clear sky
647,Fort-Shevchenko,KZ,2022-05-02 00:37:20,44.5086,50.263,58.12,64,100,26.08,overcast clouds
648,Flin Flon,CA,2022-05-02 00:37:21,54.7682,-101.865,32.4,88,100,6.58,overcast clouds
649,Sao Jose Da Coroa Grande,BR,2022-05-02 00:37:21,-8.8978,-35.1478,77.07,87,24,6.22,few clouds
650,Barra Do Garcas,BR,2022-05-02 00:37:22,-15.89,-52.2567,72.68,47,5,0.87,clear sky
651,Gorom-Gorom,BF,2022-05-02 00:37:22,14.4439,-0.2361,91.92,11,90,6.2,overcast clouds
652,Port Hedland,AU,2022-05-02 00:37:23,-20.3167,118.5667,78.85,57,99,10.36,overcast clouds
653,Lismore,AU,2022-05-02 00:37:23,-28.8135,153.2773,73.29,83,10,6.89,clear sky
654,Lodja,CD,2022-05-02 00:37:24,-3.4833,23.4333,65.03,99,66,1.59,broken clouds
655,Tarboro,US,2022-05-02 00:37:24,35.8968,-77.5358,76.91,60,100,16.11,moderate rain
656,Changli,CN,2022-05-02 00:37:25,39.7042,119.1506,60.49,25,4,3.71,clear sky
657,Dalbandin,PK,2022-05-02 00:37:25,28.8947,64.4101,75.4,22,0,4.14,clear sky
658,Alice Springs,AU,2022-05-02 00:37:26,-23.7,133.8833,65.75,45,45,11.5,scattered clouds
659,Urumqi,CN,2022-05-02 00:34:12,43.801,87.6005,68.95,12,0,26.84,clear sky
660,Lamu,KE,2022-05-02 00:37:27,-2.2717,40.902,82.62,84,95,14.74,moderate rain
661,Palu,ID,2022-05-02 00:37:27,-0.8917,119.8707,85.69,73,21,0.87,few clouds
662,Cardston,CA,2022-05-02 00:37:27,49.2,-113.3019,55.69,38,90,9.22,overcast clouds
663,Abomey,BJ,2022-05-02 00:37:28,7.1829,1.9912,74.16,89,100,4.45,overcast clouds
664,Dalvik,IS,2022-05-02 00:37:29,65.9702,-18.5286,30.13,79,100,6.38,light snow
665,Puri,IN,2022-05-02 00:37:29,19.8,85.85,82.92,88,100,13.04,overcast clouds
666,Irbeyskoye,RU,2022-05-02 00:37:30,55.6428,95.4522,49.69,81,100,10.63,overcast clouds
667,Zabol,AF,2022-05-02 00:37:30,32.25,67.25,67.3,28,17,8.63,few clouds
668,Renqiu,CN,2022-05-02 00:37:31,38.6989,116.0936,68.25,29,0,4.36,clear sky
669,Kawalu,ID,2022-05-02 00:37:31,-7.3817,108.2082,77.86,84,98,1.57,overcast clouds
670,Ereymentau,KZ,2022-05-02 00:37:32,51.6199,73.1033,54.43,66,99,5.53,overcast clouds
671,Sangamner,IN,2022-05-02 00:37:32,19.5667,74.2167,76.41,68,0,10.38,clear sky
672,Parintins,BR,2022-05-02 00:37:32,-2.6283,-56.7358,74.25,97,89,0.92,overcast clouds
673,Salalah,OM,2022-05-02 00:37:33,17.0151,54.0924,84.29,84,40,4.61,scattered clouds
674,Amberley,US,2022-05-02 00:37:33,39.2048,-84.428,70.36,45,0,11.5,clear sky
675,Hangu,CN,2022-05-02 00:37:34,39.2489,117.7892,66.24,27,0,7.45,clear sky
676,Dumas,US,2022-05-02 00:37:34,35.8656,-101.9732,69.94,46,100,3.44,haze
677,Fukue,JP,2022-05-02 00:37:35,32.6881,128.8419,64.76,48,0,10.36,clear sky
678,Carutapera,BR,2022-05-02 00:37:35,-1.195,-46.02,75.69,94,100,4.36,moderate rain
679,Fredericksburg,US,2022-05-02 00:36:31,38.3032,-77.4605,65.91,77,0,3.44,clear sky
680,Oistins,BB,2022-05-02 00:37:36,13.0667,-59.5333,79.27,75,100,15.17,overcast clouds
681,Yar-Sale,RU,2022-05-02 00:33:16,66.8333,70.8333,9.63,87,13,6.15,few clouds
682,La Tuque,CA,2022-05-02 00:37:37,47.4334,-72.7824,59.25,33,10,1.14,clear sky
683,Saint-Francois,FR,2022-05-02 00:33:57,46.4154,3.9054,42.67,100,67,0.0,broken clouds
684,Qasigiannguit,GL,2022-05-02 00:37:38,68.8193,-51.1922,21.45,85,11,4.16,few clouds
685,Raudeberg,NO,2022-05-02 00:37:38,61.9875,5.1352,45.27,83,100,24.63,overcast clouds
686,Finschhafen,PG,2022-05-02 00:37:38,-6.6024,147.8681,82.99,75,58,3.49,broken clouds
687,La Ronge,CA,2022-05-02 00:37:39,55.1001,-105.2842,37.65,52,40,8.05,scattered clouds
688,Mar De Espanha,BR,2022-05-02 00:37:39,-21.8672,-43.0097,66.4,84,0,1.39,clear sky
689,Manzhouli,CN,2022-05-02 00:37:40,49.6,117.4333,57.6,46,100,11.52,overcast clouds
690,Astoria,US,2022-05-02 00:37:40,46.1879,-123.8313,58.46,65,0,6.91,clear sky
691,Urcos,PE,2022-05-02 00:38:41,-13.6861,-71.6228,51.69,91,27,4.99,scattered clouds
692,Zhezkazgan,KZ,2022-05-02 00:38:41,47.8043,67.7144,60.31,56,100,4.85,overcast clouds
693,Havelock,US,2022-05-02 00:38:42,34.8791,-76.9013,71.94,83,75,11.5,broken clouds
694,Simoes,BR,2022-05-02 00:38:42,-7.5989,-40.8178,79.41,44,62,10.4,broken clouds
695,Kirovskiy,RU,2022-05-02 00:38:43,45.0917,133.5136,46.38,71,95,7.67,overcast clouds
696,Akdepe,TM,2022-05-02 00:38:43,42.0551,59.3788,64.49,51,100,1.66,overcast clouds
697,Si Bun Ruang,TH,2022-05-02 00:38:44,16.9667,102.2833,74.44,65,95,5.17,overcast clouds
698,Tevriz,RU,2022-05-02 00:38:44,57.509,72.4042,33.33,77,62,3.22,broken clouds
699,Colac,AU,2022-05-02 00:38:45,-38.3333,143.5833,62.17,70,100,8.12,overcast clouds
700,Moron,AR,2022-05-02 00:38:45,-34.6534,-58.6198,57.96,59,3,5.37,clear sky
701,Tastur,TN,2022-05-02 00:38:45,36.5513,9.4431,56.03,85,0,5.88,clear sky
702,Khorixas,NA,2022-05-02 00:38:46,-20.3667,14.9667,72.37,33,6,8.68,clear sky
703,Quanzhou,CN,2022-05-02 00:38:46,24.9139,118.5858,61.25,79,100,8.97,moderate rain
704,Requena,ES,2022-05-02 00:38:47,39.4883,-1.1004,54.88,78,40,1.86,scattered clouds
705,Kletskaya,RU,2022-05-02 00:38:47,49.3145,43.0584,42.19,56,100,5.75,overcast clouds
706,Bronnoysund,NO,2022-05-02 00:38:48,65.4625,12.1997,44.6,87,75,25.32,light intensity shower rain
707,Waddan,LY,2022-05-02 00:38:48,29.1614,16.139,60.69,63,0,22.44,clear sky
708,El Prat De Llobregat,ES,2022-05-02 00:38:49,41.3278,2.0947,64.11,72,0,4.0,clear sky
709,Capitao Poco,BR,2022-05-02 00:38:49,-1.7464,-47.0594,73.18,98,100,3.42,moderate rain
710,Gien,FR,2022-05-02 00:38:50,47.6933,2.6309,45.55,87,100,5.01,overcast clouds
711,Pingliang,CN,2022-05-02 00:38:50,35.5392,106.6861,58.6,19,0,7.87,clear sky
712,Esmeraldas,BR,2022-05-02 00:38:51,-19.7625,-44.3139,70.84,57,0,2.57,clear sky
713,Avera,US,2022-05-02 00:38:51,33.194,-82.5271,77.05,71,0,7.85,clear sky
714,Sakakah,SA,2022-05-02 00:38:51,29.9697,40.2064,69.37,39,0,9.04,clear sky
715,Marinette,US,2022-05-02 00:38:52,45.1,-87.6307,50.45,100,100,10.36,overcast clouds
716,Akureyri,IS,2022-05-02 00:38:52,65.6835,-18.0878,30.13,69,100,6.91,overcast clouds
717,Kruszwica,PL,2022-05-02 00:38:53,52.6756,18.3313,47.1,100,100,5.91,overcast clouds
718,Constitucion,CL,2022-05-02 00:38:53,-35.3333,-72.4167,52.93,75,12,7.31,few clouds
719,Saint-Pierre,RE,2022-05-02 00:35:39,-21.3393,55.4781,74.88,70,0,5.75,clear sky
720,Bone,DE,2022-05-02 00:38:54,51.9669,12.1396,48.81,78,98,3.8,overcast clouds
721,Goundam,ML,2022-05-02 00:38:54,16.4145,-3.6708,83.75,15,49,10.42,scattered clouds
722,Abu Zabad,SD,2022-05-02 00:38:55,12.35,29.25,84.2,26,100,7.45,overcast clouds
723,Panjakent,TJ,2022-05-02 00:38:55,39.4952,67.6093,70.59,37,100,11.3,overcast clouds
724,Oktyabrskoye,RU,2022-05-02 00:38:56,43.0645,44.7417,48.34,100,100,2.24,fog
725,Rincon,US,2022-05-02 00:38:56,32.296,-81.2354,73.83,68,75,6.91,heavy intensity rain
726,Katobu,ID,2022-05-02 00:38:57,-4.9408,122.5276,85.14,64,7,7.72,clear sky
727,Penzance,GB,2022-05-02 00:37:11,50.1186,-5.5371,48.88,93,100,3.71,overcast clouds
728,Birakan,RU,2022-05-02 00:38:57,49.0167,131.7,47.53,56,100,2.53,overcast clouds
729,Tucupita,VE,2022-05-02 00:38:58,9.0622,-62.051,75.2,81,28,5.1,scattered clouds
730,Oshakati,NA,2022-05-02 00:38:58,-17.7833,15.6833,60.82,42,71,9.33,broken clouds
731,Velyka Lepetykha,UA,2022-05-02 00:38:59,47.1757,33.9436,49.01,74,7,6.93,clear sky
732,Bereda,ES,2022-05-02 00:38:59,43.2686,-7.5406,53.42,97,100,2.21,overcast clouds
733,Nemuro,JP,2022-05-02 00:39:00,43.3236,145.575,41.05,96,100,28.83,light rain
734,Preobrazheniye,RU,2022-05-02 00:39:00,42.9019,133.9064,47.19,67,65,4.34,broken clouds
735,Kadaya,RU,2022-05-02 00:39:01,50.9327,119.2911,52.23,46,100,12.5,overcast clouds
736,Liverpool,GB,2022-05-02 00:37:48,53.4106,-2.9779,53.62,88,20,2.3,few clouds
737,Manokwari,ID,2022-05-02 00:39:01,-0.8667,134.0833,80.29,80,100,2.1,overcast clouds
738,Thai Nguyen,VN,2022-05-02 00:39:02,21.5928,105.8442,71.38,57,39,6.53,scattered clouds
739,Brza Palanka,RS,2022-05-02 00:39:02,44.4709,22.444,46.24,84,10,4.9,clear sky
740,Wahiawa,US,2022-05-02 00:39:03,21.5028,-158.0236,80.92,65,75,8.05,broken clouds
741,Vilhena,BR,2022-05-02 00:40:03,-12.7406,-60.1458,74.07,69,98,0.45,overcast clouds
742,Malpe,IN,2022-05-02 00:40:04,13.35,74.7167,79.9,74,98,1.95,overcast clouds
743,Vanimo,PG,2022-05-02 00:40:04,-2.6741,141.3028,79.54,89,100,7.74,overcast clouds
744,Vryburg,ZA,2022-05-02 00:40:05,-26.9566,24.7284,52.34,36,0,3.91,clear sky
745,Oyem,GA,2022-05-02 00:40:05,1.5995,11.5793,67.66,99,100,2.86,overcast clouds
746,Zhigalovo,RU,2022-05-02 00:40:06,54.8097,105.1578,50.11,70,100,4.14,overcast clouds
747,Boueni,YT,2022-05-02 00:40:06,-12.9025,45.0761,82.38,74,100,18.12,overcast clouds
748,Aberdeen,GB,2022-05-02 00:40:07,57.1437,-2.0981,53.65,92,75,6.91,broken clouds
